election_id	http://userannotation/na	election_type	http://userannotation/na	election_date	http://dbpedia.org/page/Category:Dates	district_name	http://userannotation/na	division_name	http://userannotation/na	division_url	http://userannotation/na	division_openlylocal_id	http://userannotation/na	result_votes_total	http://userannotation/na	result_url	http://userannotation/na	candidate_votes	http://userannotation/na	candidate_elected	http://userannotation/na	party_name	http://dbpedia.org/page/Category:Political_parties	party_short_name		party_resource_uri	http://userannotation/na
2	http://userannotation/number	council	http://dbpedia.org/page/Council	05.05.2005	http://userannotation/number	Rugby	http://dbpedia.org/page/Borough_of_Rugby	Admirals 	http://userannotation/na	http://www.warwickshire.gov.uk/corporate/committe.nsf/66313d7210fd430680256a140057d7fa/05aaa15dffa8159a80256ffc002c5dcb?OpenDocument	http://userannotation/na	9836	http://userannotation/number	3102	http://userannotation/number	http://www.warwickshire.gov.uk/corporate/Elect05.nsf/ResultsByParty/7D96AE7A8F60BE8F80256F460052B486	http://userannotation/na	1225	http://userannotation/number	0	http://userannotation/number	Conservative	http://dbpedia.org/page/Conservative_Party_(UK)	Con	http://dbpedia.org/page/Conservative_Party_(UK)	http://openelectiondata.org/id/parties/25	http://userannotation/na
2		council		05.05.2005		Rugby		Admirals 		http://www.warwickshire.gov.uk/corporate/committe.nsf/66313d7210fd430680256a140057d7fa/05aaa15dffa8159a80256ffc002c5dcb?OpenDocument		9836		3102		http://www.warwickshire.gov.uk/corporate/Elect05.nsf/ResultsByParty/7D96AE7A8F60BE8F80256F460052B486		1366		1		Labour	http://dbpedia.org/page/Labour_Party_(UK)	Lab	http://dbpedia.org/page/Labour_Party_(UK)	http://openelectiondata.org/id/parties/6	
2		council		05.05.2005		Rugby		Admirals 		http://www.warwickshire.gov.uk/corporate/committe.nsf/66313d7210fd430680256a140057d7fa/05aaa15dffa8159a80256ffc002c5dcb?OpenDocument		9836		3102		http://www.warwickshire.gov.uk/corporate/Elect05.nsf/ResultsByParty/7D96AE7A8F60BE8F80256F460052B486		511		0		Liberal Democrat	http://dbpedia.org/page/Liberal_Democrats	LibDem	http://dbpedia.org/page/Liberal_Democrats	http://openelectiondata.org/id/parties/26	
2		council		05.05.2005		Stratford	http://dbpedia.org/page/Stratford-on-Avon_District	Alcester 	http://dbpedia.org/page/Alcester	http://www.warwickshire.gov.uk/corporate/committe.nsf/66313d7210fd430680256a140057d7fa/7583e7e75035e8b180256ffc002c5de6?OpenDocument		9837		4181		http://www.warwickshire.gov.uk/corporate/Elect05.nsf/ResultsByParty/FE3674811722B69680256F85005270EF		592		0		Labour	http://dbpedia.org/page/Labour_Party_(UK)	Lab	http://dbpedia.org/page/Labour_Party_(UK)	http://openelectiondata.org/id/parties/6	
2		council		05.05.2005		Stratford		Alcester 		http://www.warwickshire.gov.uk/corporate/committe.nsf/66313d7210fd430680256a140057d7fa/7583e7e75035e8b180256ffc002c5de6?OpenDocument		9837		4181		http://www.warwickshire.gov.uk/corporate/Elect05.nsf/ResultsByParty/FE3674811722B69680256F85005270EF		2162		1		Liberal Democrat	http://dbpedia.org/page/Liberal_Democrats	LibDem	http://dbpedia.org/page/Liberal_Democrats	http://openelectiondata.org/id/parties/26	
2		council		05.05.2005		Stratford		Alcester 		http://www.warwickshire.gov.uk/corporate/committe.nsf/66313d7210fd430680256a140057d7fa/7583e7e75035e8b180256ffc002c5de6?OpenDocument		9837		4181		http://www.warwickshire.gov.uk/corporate/Elect05.nsf/ResultsByParty/FE3674811722B69680256F85005270EF		1427		0		Conservative	http://dbpedia.org/page/Conservative_Party_(UK)	Con	http://dbpedia.org/page/Conservative_Party_(UK)	http://openelectiondata.org/id/parties/25	
2		council		05.05.2005		Nuneaton and Bedworth	http://dbpedia.org/page/Nuneaton_and_Bedworth	Arbury & Stockingford 	http://userannotation/na	http://www.warwickshire.gov.uk/corporate/committe.nsf/66313d7210fd430680256a140057d7fa/760437f7e47d3eee80256ffc002c5ddf?OpenDocument		9838		14771		http://www.warwickshire.gov.uk/corporate/Elect05.nsf/ResultsByParty/EEEF2A5ADE2987ED80256F460052B47E		2433		0		Conservative		Con		http://openelectiondata.org/id/parties/25	
2		council		05.05.2005		Nuneaton and Bedworth		Arbury & Stockingford 		http://www.warwickshire.gov.uk/corporate/committe.nsf/66313d7210fd430680256a140057d7fa/760437f7e47d3eee80256ffc002c5ddf?OpenDocument		9838		14771		http://www.warwickshire.gov.uk/corporate/Elect05.nsf/ResultsByParty/EEEF2A5ADE2987ED80256F460052B47E		3888		1		Labour	http://dbpedia.org/page/Labour_Party_(UK)	Lab	http://dbpedia.org/page/Labour_Party_(UK)	http://openelectiondata.org/id/parties/6	
2		council		05.05.2005		Nuneaton and Bedworth		Arbury & Stockingford 		http://www.warwickshire.gov.uk/corporate/committe.nsf/66313d7210fd430680256a140057d7fa/760437f7e47d3eee80256ffc002c5ddf?OpenDocument		9838		14771		http://www.warwickshire.gov.uk/corporate/Elect05.nsf/ResultsByParty/EEEF2A5ADE2987ED80256F460052B47E		4240		1		Labour		Lab		http://openelectiondata.org/id/parties/6	
2		council		05.05.2005		Nuneaton and Bedworth		Arbury & Stockingford 		http://www.warwickshire.gov.uk/corporate/committe.nsf/66313d7210fd430680256a140057d7fa/760437f7e47d3eee80256ffc002c5ddf?OpenDocument		9838		14771		http://www.warwickshire.gov.uk/corporate/Elect05.nsf/ResultsByParty/EEEF2A5ADE2987ED80256F460052B47E		2578		0		Conservative	http://dbpedia.org/page/Conservative_Party_(UK)	Con	http://dbpedia.org/page/Conservative_Party_(UK)	http://openelectiondata.org/id/parties/25	
2		council		05.05.2005		Nuneaton and Bedworth		Arbury & Stockingford 		http://www.warwickshire.gov.uk/corporate/committe.nsf/66313d7210fd430680256a140057d7fa/760437f7e47d3eee80256ffc002c5ddf?OpenDocument		9838		14771		http://www.warwickshire.gov.uk/corporate/Elect05.nsf/ResultsByParty/EEEF2A5ADE2987ED80256F460052B47E		1632		0		Liberal Democrat	http://dbpedia.org/page/Liberal_Democrats	LibDem	http://dbpedia.org/page/Liberal_Democrats	http://openelectiondata.org/id/parties/26	
2		council		05.05.2005		North Warwickshire	http://dbpedia.org/page/North_Warwickshire	Arley 	http://dbpedia.org/page/Arley	http://www.warwickshire.gov.uk/corporate/committe.nsf/66313d7210fd430680256a140057d7fa/d09bd1da4c3258a280256ffc002c5dd0?OpenDocument		9839		4023		http://www.warwickshire.gov.uk/corporate/Elect05.nsf/ResultsByParty/9A8521A0876F50C280256F460052B45F		1812		1		Conservative	http://dbpedia.org/page/Conservative_Party_(UK)	Con	http://dbpedia.org/page/Conservative_Party_(UK)		
2		council		05.05.2005		North Warwickshire		Arley 		http://www.warwickshire.gov.uk/corporate/committe.nsf/66313d7210fd430680256a140057d7fa/d09bd1da4c3258a280256ffc002c5dd0?OpenDocument		9839		4023		http://www.warwickshire.gov.uk/corporate/Elect05.nsf/ResultsByParty/9A8521A0876F50C280256F460052B45F		1472		0		Labour	http://dbpedia.org/page/Labour_Party_(UK)	Lab	http://dbpedia.org/page/Labour_Party_(UK)	http://openelectiondata.org/id/parties/6	
2		council		05.05.2005		North Warwickshire		Arley 		http://www.warwickshire.gov.uk/corporate/committe.nsf/66313d7210fd430680256a140057d7fa/d09bd1da4c3258a280256ffc002c5dd0?OpenDocument		9839		4023		http://www.warwickshire.gov.uk/corporate/Elect05.nsf/ResultsByParty/9A8521A0876F50C280256F460052B45F		739		0		Liberal Democrat	http://dbpedia.org/page/Liberal_Democrats	LibDem	http://dbpedia.org/page/Liberal_Democrats	http://openelectiondata.org/id/parties/26	
2		council		05.05.2005		North Warwickshire		Aston Cantlow 	http://dbpedia.org/page/Aston_Cantlow	https://www.warwickshire.gov.uk/corporate/committe.nsf/d2d81776d1ed546080256a140057d7f9/a85b5432807427fb80256ffc002c5dd7?OpenDocument		9840		4411		http://www.warwickshire.gov.uk/corporate/Elect05.nsf/ResultsByParty/C931967A1C54649980256F460052B475		2830		1		Conservative	http://dbpedia.org/page/Conservative_Party_(UK)	Con	http://dbpedia.org/page/Conservative_Party_(UK)	http://openelectiondata.org/id/parties/25	
2		council		05.05.2005		North Warwickshire		Aston Cantlow 		https://www.warwickshire.gov.uk/corporate/committe.nsf/d2d81776d1ed546080256a140057d7f9/a85b5432807427fb80256ffc002c5dd7?OpenDocument		9840		4411		http://www.warwickshire.gov.uk/corporate/Elect05.nsf/ResultsByParty/C931967A1C54649980256F460052B475		1581		0		Liberal Democrat	http://dbpedia.org/page/Liberal_Democrats	LibDem	http://dbpedia.org/page/Liberal_Democrats	http://openelectiondata.org/id/parties/26	
2		council		05.05.2005		North Warwickshire		Atherstone 	http://dbpedia.org/page/Atherstone	http://www.warwickshire.gov.uk/corporate/committe.nsf/d2d81776d1ed546080256a140057d7f9/783f2b487ca8c5f380256ffc002c5de7?OpenDocument		9841		3332		http://www.warwickshire.gov.uk/corporate/Elect05.nsf/ResultsByParty/7DEFEF5B192DC37B80256F8500528B87		1418		1		Labour	http://dbpedia.org/page/Labour_Party_(UK)	Lab	http://dbpedia.org/page/Labour_Party_(UK)	http://openelectiondata.org/id/parties/6	
2		council		05.05.2005		North Warwickshire		Atherstone 		http://www.warwickshire.gov.uk/corporate/committe.nsf/d2d81776d1ed546080256a140057d7f9/783f2b487ca8c5f380256ffc002c5de7?OpenDocument		9841		3332		http://www.warwickshire.gov.uk/corporate/Elect05.nsf/ResultsByParty/7DEFEF5B192DC37B80256F8500528B87		951		0		Liberal Democrat	http://dbpedia.org/page/Liberal_Democrats	LibDem	http://dbpedia.org/page/Liberal_Democrats	http://openelectiondata.org/id/parties/26	
2		council		05.05.2005		North Warwickshire		Atherstone 		http://www.warwickshire.gov.uk/corporate/committe.nsf/d2d81776d1ed546080256a140057d7f9/783f2b487ca8c5f380256ffc002c5de7?OpenDocument		9841		3332		http://www.warwickshire.gov.uk/corporate/Elect05.nsf/ResultsByParty/7DEFEF5B192DC37B80256F8500528B87		963		0		Conservative	http://dbpedia.org/page/Conservative_Party_(UK)	Con	http://dbpedia.org/page/Conservative_Party_(UK)	http://openelectiondata.org/id/parties/25	
2		council		05.05.2005		North Warwickshire		Baddesley 	http://dbpedia.org/page/Baddesley_Ensor	http://www.warwickshire.gov.uk/corporate/committe.nsf/66313d7210fd430680256a140057d7fa/b524adb164f3153d80256ffc002c5dc4?OpenDocument		9842		4245		http://www.warwickshire.gov.uk/corporate/Elect05.nsf/ResultsByParty/30965BFF4A0FAEA280256F460052B485		716		0		Liberal Democrat	http://dbpedia.org/page/Liberal_Democrats	LibDem	http://dbpedia.org/page/Liberal_Democrats	http://openelectiondata.org/id/parties/26	
2		council		05.05.2005		North Warwickshire		Baddesley 		http://www.warwickshire.gov.uk/corporate/committe.nsf/66313d7210fd430680256a140057d7fa/b524adb164f3153d80256ffc002c5dc4?OpenDocument		9842		4245		http://www.warwickshire.gov.uk/corporate/Elect05.nsf/ResultsByParty/30965BFF4A0FAEA280256F460052B485		1254		0		Conservative	http://dbpedia.org/page/Conservative_Party_(UK)	Con	http://dbpedia.org/page/Conservative_Party_(UK)	http://openelectiondata.org/id/parties/25	
2		council		05.05.2005		North Warwickshire		Baddesley 		http://www.warwickshire.gov.uk/corporate/committe.nsf/66313d7210fd430680256a140057d7fa/b524adb164f3153d80256ffc002c5dc4?OpenDocument		9842		4245		http://www.warwickshire.gov.uk/corporate/Elect05.nsf/ResultsByParty/30965BFF4A0FAEA280256F460052B485		2275		1		Labour	http://dbpedia.org/page/Labour_Party_(UK)	Lab	http://dbpedia.org/page/Labour_Party_(UK)	http://openelectiondata.org/id/parties/6	
2		council		05.05.2005		Nuneaton and Bedworth	http://dbpedia.org/page/Nuneaton_and_Bedworth	Bede 	http://userannotation/na	http://www.warwickshire.gov.uk/corporate/committe.nsf/d2d81776d1ed546080256a140057d7f9/d60a315b4441595380256ffc002c5de5?OpenDocument		9843		4386		http://www.warwickshire.gov.uk/corporate/Elect05.nsf/ResultsByParty/F518490E7AB4CBD780256F8500523507		684		0		Liberal Democrat	http://dbpedia.org/page/Liberal_Democrats	LibDem	http://dbpedia.org/page/Liberal_Democrats	http://openelectiondata.org/id/parties/26	
2		council		05.05.2005		Nuneaton and Bedworth		Bede 		http://www.warwickshire.gov.uk/corporate/committe.nsf/d2d81776d1ed546080256a140057d7f9/d60a315b4441595380256ffc002c5de5?OpenDocument		9843		4386		http://www.warwickshire.gov.uk/corporate/Elect05.nsf/ResultsByParty/F518490E7AB4CBD780256F8500523507		1167		0		Conservative	http://dbpedia.org/page/Conservative_Party_(UK)	Con	http://dbpedia.org/page/Conservative_Party_(UK)	http://openelectiondata.org/id/parties/25	
2		council		05.05.2005		Nuneaton and Bedworth		Bede 		http://www.warwickshire.gov.uk/corporate/committe.nsf/d2d81776d1ed546080256a140057d7f9/d60a315b4441595380256ffc002c5de5?OpenDocument		9843		4386		http://www.warwickshire.gov.uk/corporate/Elect05.nsf/ResultsByParty/F518490E7AB4CBD780256F8500523507		2535		1		Labour	http://dbpedia.org/page/Labour_Party_(UK)	Lab	http://dbpedia.org/page/Labour_Party_(UK)	http://openelectiondata.org/id/parties/6	
2		council		05.05.2005		Nuneaton and Bedworth		Bedworth North 	http://dbpedia.org/page/Bedworth	http://www.warwickshire.gov.uk/corporate/committe.nsf/66313d7210fd430680256a140057d7fa/f28f91a3542a7d3480257084004dbe08?OpenDocument		9844		3886		http://www.warwickshire.gov.uk/corporate/Elect05.nsf/ResultsByParty/067FF493614DFFFC80256F85005212F6		1484		0		Conservative	http://dbpedia.org/page/Conservative_Party_(UK)	Con	http://dbpedia.org/page/Conservative_Party_(UK)	http://openelectiondata.org/id/parties/25	
2		council		05.05.2005		Nuneaton and Bedworth		Bedworth North 		http://www.warwickshire.gov.uk/corporate/committe.nsf/66313d7210fd430680256a140057d7fa/f28f91a3542a7d3480257084004dbe08?OpenDocument		9844		3886		http://www.warwickshire.gov.uk/corporate/Elect05.nsf/ResultsByParty/067FF493614DFFFC80256F85005212F6		1778		1		Labour	http://dbpedia.org/page/Labour_Party_(UK)	Lab	http://dbpedia.org/page/Labour_Party_(UK)	http://openelectiondata.org/id/parties/6	
2		council		05.05.2005		Nuneaton and Bedworth		Bedworth North 		http://www.warwickshire.gov.uk/corporate/committe.nsf/66313d7210fd430680256a140057d7fa/f28f91a3542a7d3480257084004dbe08?OpenDocument		9844		3886		http://www.warwickshire.gov.uk/corporate/Elect05.nsf/ResultsByParty/067FF493614DFFFC80256F85005212F6		624		0		Liberal Democrat	http://dbpedia.org/page/Liberal_Democrats	LibDem	http://dbpedia.org/page/Liberal_Democrats	http://openelectiondata.org/id/parties/26	
2		council		05.05.2005		Nuneaton and Bedworth		Bedworth West 		http://www.warwickshire.gov.uk/corporate/committe.nsf/66313d7210fd430680256a140057d7fa/da76a24a7af732f880256ffc002c5dd6?OpenDocument		9845		4470		http://www.warwickshire.gov.uk/corporate/Elect05.nsf/ResultsByParty/C1A331A6B7F5438E80256F460052B46A		2484		1		Labour	http://dbpedia.org/page/Labour_Party_(UK)	Lab	http://dbpedia.org/page/Labour_Party_(UK)	http://openelectiondata.org/id/parties/6	
2		council		05.05.2005		Nuneaton and Bedworth		Bedworth West 		http://www.warwickshire.gov.uk/corporate/committe.nsf/66313d7210fd430680256a140057d7fa/da76a24a7af732f880256ffc002c5dd6?OpenDocument		9845		4470		http://www.warwickshire.gov.uk/corporate/Elect05.nsf/ResultsByParty/C1A331A6B7F5438E80256F460052B46A		719		0		Liberal Democrat	http://dbpedia.org/page/Liberal_Democrats	LibDem	http://dbpedia.org/page/Liberal_Democrats	http://openelectiondata.org/id/parties/26	
2		council		05.05.2005		Nuneaton and Bedworth		Bedworth West 		http://www.warwickshire.gov.uk/corporate/committe.nsf/66313d7210fd430680256a140057d7fa/da76a24a7af732f880256ffc002c5dd6?OpenDocument		9845		4470		http://www.warwickshire.gov.uk/corporate/Elect05.nsf/ResultsByParty/C1A331A6B7F5438E80256F460052B46A		1267		0		Conservative	http://dbpedia.org/page/Conservative_Party_(UK)	Con	http://dbpedia.org/page/Conservative_Party_(UK)	http://openelectiondata.org/id/parties/25	
2		council		05.05.2005		Stratford	http://dbpedia.org/page/Stratford-on-Avon_District	Bidford-on-Avon 	http://dbpedia.org/page/Bidford-on-Avon	http://www.warwickshire.gov.uk/corporate/committe.nsf/d2d81776d1ed546080256a140057d7f9/13f78713f044de4480256ffc002c5dd8?OpenDocument		9846		4662		http://www.warwickshire.gov.uk/corporate/Elect05.nsf/ResultsByParty/CB34ABCB5A341D4180256F460052B460		2453		1		Liberal Democrat	http://dbpedia.org/page/Liberal_Democrats	LibDem	http://dbpedia.org/page/Liberal_Democrats	http://openelectiondata.org/id/parties/26	
2		council		05.05.2005		Stratford		Bidford-on-Avon 		http://www.warwickshire.gov.uk/corporate/committe.nsf/d2d81776d1ed546080256a140057d7f9/13f78713f044de4480256ffc002c5dd8?OpenDocument		9846		4662		http://www.warwickshire.gov.uk/corporate/Elect05.nsf/ResultsByParty/CB34ABCB5A341D4180256F460052B460		388		0		Green	http://dbpedia.org/page/Green_Party_of_England_and_Wales	Green	http://dbpedia.org/page/Green_Party_of_England_and_Wales	http://openelectiondata.org/id/parties/64	
2		council		05.05.2005		Stratford		Bidford-on-Avon 		http://www.warwickshire.gov.uk/corporate/committe.nsf/d2d81776d1ed546080256a140057d7f9/13f78713f044de4480256ffc002c5dd8?OpenDocument		9846		4662		http://www.warwickshire.gov.uk/corporate/Elect05.nsf/ResultsByParty/CB34ABCB5A341D4180256F460052B460		1821		0		Conservative	http://dbpedia.org/page/Conservative_Party_(UK)	Con	http://dbpedia.org/page/Conservative_Party_(UK)	http://openelectiondata.org/id/parties/25	
2		council		05.05.2005		Warwick	http://dbpedia.org/page/Warwick_District	Bishops Tachbrook 	http://dbpedia.org/page/Bishop's_Tachbrook	https://www.warwickshire.gov.uk/corporate/committe.nsf/d2d81776d1ed546080256a140057d7f9/44df528348730dae80256ffc002c5de8?OpenDocument		9847		3944		http://www.warwickshire.gov.uk/corporate/Elect05.nsf/ResultsByParty/0D6C067E0F82AF4580256F850054BCE4		501		0		Liberal Democrat	http://dbpedia.org/page/Liberal_Democrats	LibDem	http://dbpedia.org/page/Liberal_Democrats	http://openelectiondata.org/id/parties/26	
2		council		05.05.2005		Warwick		Bishops Tachbrook 		https://www.warwickshire.gov.uk/corporate/committe.nsf/d2d81776d1ed546080256a140057d7f9/44df528348730dae80256ffc002c5de8?OpenDocument		9847		3944		http://www.warwickshire.gov.uk/corporate/Elect05.nsf/ResultsByParty/0D6C067E0F82AF4580256F850054BCE4		1246		0		Independent	http://dbpedia.org/page/Independent_(politician)	Ind	http://dbpedia.org/page/Independent_(politician)	NULL	
2		council		05.05.2005		Warwick		Bishops Tachbrook 		https://www.warwickshire.gov.uk/corporate/committe.nsf/d2d81776d1ed546080256a140057d7f9/44df528348730dae80256ffc002c5de8?OpenDocument		9847		3944		http://www.warwickshire.gov.uk/corporate/Elect05.nsf/ResultsByParty/0D6C067E0F82AF4580256F850054BCE4		1353		1		Conservative	http://dbpedia.org/page/Conservative_Party_(UK)	Con	http://dbpedia.org/page/Conservative_Party_(UK)	http://openelectiondata.org/id/parties/25	
2		council		05.05.2005		Warwick		Bishops Tachbrook 		https://www.warwickshire.gov.uk/corporate/committe.nsf/d2d81776d1ed546080256a140057d7f9/44df528348730dae80256ffc002c5de8?OpenDocument		9847		3944		http://www.warwickshire.gov.uk/corporate/Elect05.nsf/ResultsByParty/0D6C067E0F82AF4580256F850054BCE4		844		0		Labour	http://dbpedia.org/page/Labour_Party_(UK)	Lab	http://dbpedia.org/page/Labour_Party_(UK)	http://openelectiondata.org/id/parties/6	
2		council		05.05.2005		Rugby	http://dbpedia.org/page/Borough_of_Rugby	Brownsover 	http://dbpedia.org/page/Brownsover	http://www.warwickshire.gov.uk/corporate/committe.nsf/66313d7210fd430680256a140057d7fa/82001648bf96926180256ffc002c5de9?OpenDocument		9848		15807		http://www.warwickshire.gov.uk/corporate/Elect05.nsf/ResultsByParty/C865F35AF86F665680256F850054DA12		1978		0		Liberal Democrat	http://dbpedia.org/page/Liberal_Democrats	LibDem	http://dbpedia.org/page/Liberal_Democrats	http://openelectiondata.org/id/parties/26	
2		council		05.05.2005		Rugby		Brownsover 		http://www.warwickshire.gov.uk/corporate/committe.nsf/66313d7210fd430680256a140057d7fa/82001648bf96926180256ffc002c5de9?OpenDocument		9848		15807		http://www.warwickshire.gov.uk/corporate/Elect05.nsf/ResultsByParty/C865F35AF86F665680256F850054DA12		2364		0		Conservative	http://dbpedia.org/page/Conservative_Party_(UK)	Con	http://dbpedia.org/page/Conservative_Party_(UK)	http://openelectiondata.org/id/parties/25	
2		council		05.05.2005		Rugby		Brownsover 		http://www.warwickshire.gov.uk/corporate/committe.nsf/66313d7210fd430680256a140057d7fa/82001648bf96926180256ffc002c5de9?OpenDocument		9848		15807		http://www.warwickshire.gov.uk/corporate/Elect05.nsf/ResultsByParty/C865F35AF86F665680256F850054DA12		1643		0		Liberal Democrat	http://dbpedia.org/page/Liberal_Democrats	LibDem	http://dbpedia.org/page/Liberal_Democrats	http://openelectiondata.org/id/parties/26	
2		council		05.05.2005		Rugby		Brownsover 		http://www.warwickshire.gov.uk/corporate/committe.nsf/66313d7210fd430680256a140057d7fa/82001648bf96926180256ffc002c5de9?OpenDocument		9848		15807		http://www.warwickshire.gov.uk/corporate/Elect05.nsf/ResultsByParty/C865F35AF86F665680256F850054DA12		4426		1		Labour	http://dbpedia.org/page/Labour_Party_(UK)	Lab	http://dbpedia.org/page/Labour_Party_(UK)	http://openelectiondata.org/id/parties/6	
2		council		05.05.2005		Rugby		Brownsover 		http://www.warwickshire.gov.uk/corporate/committe.nsf/66313d7210fd430680256a140057d7fa/82001648bf96926180256ffc002c5de9?OpenDocument		9848		15807		http://www.warwickshire.gov.uk/corporate/Elect05.nsf/ResultsByParty/C865F35AF86F665680256F850054DA12		3111		1		Labour		Lab		http://openelectiondata.org/id/parties/6	
2		council		05.05.2005		Rugby		Brownsover 		http://www.warwickshire.gov.uk/corporate/committe.nsf/66313d7210fd430680256a140057d7fa/82001648bf96926180256ffc002c5de9?OpenDocument		9848		15807		http://www.warwickshire.gov.uk/corporate/Elect05.nsf/ResultsByParty/C865F35AF86F665680256F850054DA12		2285		0		Conservative	http://dbpedia.org/page/Conservative_Party_(UK)	Con	http://dbpedia.org/page/Conservative_Party_(UK)	http://openelectiondata.org/id/parties/25	
2		council		05.05.2005		Nuneaton and Bedworth	http://dbpedia.org/page/Nuneaton_and_Bedworth	Bulkington 	http://dbpedia.org/page/Bulkington	http://www.warwickshire.gov.uk/corporate/committe.nsf/d2d81776d1ed546080256a140057d7f9/89e17eb7695ba73380256ffc002c5dea?OpenDocument		9849		4123		http://www.warwickshire.gov.uk/corporate/Elect05.nsf/ResultsByParty/CB1E5E047EFE3A1780256F850054E802		2283		1		Conservative		Con		http://openelectiondata.org/id/parties/25	
2		council		05.05.2005		Nuneaton and Bedworth		Bulkington 		http://www.warwickshire.gov.uk/corporate/committe.nsf/d2d81776d1ed546080256a140057d7f9/89e17eb7695ba73380256ffc002c5dea?OpenDocument		9849		4123		http://www.warwickshire.gov.uk/corporate/Elect05.nsf/ResultsByParty/CB1E5E047EFE3A1780256F850054E802		1840		0		Labour	http://dbpedia.org/page/Labour_Party_(UK)	Lab	http://dbpedia.org/page/Labour_Party_(UK)	http://openelectiondata.org/id/parties/6	
2		council		05.05.2005		Rugby	http://dbpedia.org/page/Borough_of_Rugby	Caldecott 	http://userannotation/na	http://www.warwickshire.gov.uk/corporate/committe.nsf/d2d81776d1ed546080256a140057d7f9/cdd1d30f6798c27680256ffc002c5deb?OpenDocument		9850		15817		http://www.warwickshire.gov.uk/corporate/Elect05.nsf/ResultsByParty/A3174ED2DDFC5E3C80256F850054F3D6		2449		0		Liberal Democrat	http://dbpedia.org/page/Liberal_Democrats	LibDem	http://dbpedia.org/page/Liberal_Democrats	http://openelectiondata.org/id/parties/26	
2		council		05.05.2005		Rugby		Caldecott 		http://www.warwickshire.gov.uk/corporate/committe.nsf/d2d81776d1ed546080256a140057d7f9/cdd1d30f6798c27680256ffc002c5deb?OpenDocument		9850		15817		http://www.warwickshire.gov.uk/corporate/Elect05.nsf/ResultsByParty/A3174ED2DDFC5E3C80256F850054F3D6		2429		0		Labour	http://dbpedia.org/page/Labour_Party_(UK)	Lab	http://dbpedia.org/page/Labour_Party_(UK)	http://openelectiondata.org/id/parties/6	
2		council		05.05.2005		Rugby		Caldecott 		http://www.warwickshire.gov.uk/corporate/committe.nsf/d2d81776d1ed546080256a140057d7f9/cdd1d30f6798c27680256ffc002c5deb?OpenDocument		9850		15817		http://www.warwickshire.gov.uk/corporate/Elect05.nsf/ResultsByParty/A3174ED2DDFC5E3C80256F850054F3D6		3221		1		Conservative	http://dbpedia.org/page/Conservative_Party_(UK)	Con	http://dbpedia.org/page/Conservative_Party_(UK)	http://openelectiondata.org/id/parties/25	
2		council		05.05.2005		Rugby		Caldecott 		http://www.warwickshire.gov.uk/corporate/committe.nsf/d2d81776d1ed546080256a140057d7f9/cdd1d30f6798c27680256ffc002c5deb?OpenDocument		9850		15817		http://www.warwickshire.gov.uk/corporate/Elect05.nsf/ResultsByParty/A3174ED2DDFC5E3C80256F850054F3D6		2767		0		Liberal Democrat	http://dbpedia.org/page/Liberal_Democrats	LibDem	http://dbpedia.org/page/Liberal_Democrats	http://openelectiondata.org/id/parties/26	
2		council		05.05.2005		Rugby		Caldecott 		http://www.warwickshire.gov.uk/corporate/committe.nsf/d2d81776d1ed546080256a140057d7f9/cdd1d30f6798c27680256ffc002c5deb?OpenDocument		9850		15817		http://www.warwickshire.gov.uk/corporate/Elect05.nsf/ResultsByParty/A3174ED2DDFC5E3C80256F850054F3D6		3117		1		Conservative	http://dbpedia.org/page/Conservative_Party_(UK)	Con	http://dbpedia.org/page/Conservative_Party_(UK)	http://openelectiondata.org/id/parties/25	
2		council		05.05.2005		Rugby		Caldecott 		http://www.warwickshire.gov.uk/corporate/committe.nsf/d2d81776d1ed546080256a140057d7f9/cdd1d30f6798c27680256ffc002c5deb?OpenDocument		9850		15817		http://www.warwickshire.gov.uk/corporate/Elect05.nsf/ResultsByParty/A3174ED2DDFC5E3C80256F850054F3D6		1834		0		Labour	http://dbpedia.org/page/Labour_Party_(UK)	Lab	http://dbpedia.org/page/Labour_Party_(UK)	http://openelectiondata.org/id/parties/6	
2		council		05.05.2005		North Warwickshire	http://dbpedia.org/page/North_Warwickshire	Coleshill 	http://dbpedia.org/page/Coleshill	http://www.warwickshire.gov.uk/corporate/committe.nsf/66313d7210fd430680256a140057d7fa/0681c6bdb72b5d2080256ffc002c5dc2?OpenDocument		9851		3807		http://www.warwickshire.gov.uk/corporate/Elect05.nsf/ResultsByParty/2BCB36FF5BA5143C80256F460052B48A		530		0		Liberal Democrat	http://dbpedia.org/page/Liberal_Democrats	LibDem	http://dbpedia.org/page/Liberal_Democrats	http://openelectiondata.org/id/parties/26	
2		council		05.05.2005		North Warwickshire		Coleshill 		http://www.warwickshire.gov.uk/corporate/committe.nsf/66313d7210fd430680256a140057d7fa/0681c6bdb72b5d2080256ffc002c5dc2?OpenDocument		9851		3807		http://www.warwickshire.gov.uk/corporate/Elect05.nsf/ResultsByParty/2BCB36FF5BA5143C80256F460052B48A		1911		1		Conservative	http://dbpedia.org/page/Conservative_Party_(UK)	Con	http://dbpedia.org/page/Conservative_Party_(UK)	http://openelectiondata.org/id/parties/25	
2		council		05.05.2005		North Warwickshire		Coleshill 		http://www.warwickshire.gov.uk/corporate/committe.nsf/66313d7210fd430680256a140057d7fa/0681c6bdb72b5d2080256ffc002c5dc2?OpenDocument		9851		3807		http://www.warwickshire.gov.uk/corporate/Elect05.nsf/ResultsByParty/2BCB36FF5BA5143C80256F460052B48A		1366		0		Labour	http://dbpedia.org/page/Labour_Party_(UK)	Lab	http://dbpedia.org/page/Labour_Party_(UK)	http://openelectiondata.org/id/parties/6	
2		council		05.05.2005		Warwick	http://dbpedia.org/page/Warwick_District	Cubbington 	http://dbpedia.org/page/Cubbington	http://www.warwickshire.gov.uk/corporate/committe.nsf/66313d7210fd430680256a140057d7fa/e963195e2424edfd80256ffc002c5dd9?OpenDocument		9852		5734		http://www.warwickshire.gov.uk/corporate/Elect05.nsf/ResultsByParty/CB9F403DFDA3AFAF80256F460052B464		776		0		Liberal Democrat	http://dbpedia.org/page/Liberal_Democrats	LibDem	http://dbpedia.org/page/Liberal_Democrats	http://openelectiondata.org/id/parties/26	
2		council		05.05.2005		Warwick		Cubbington 		http://www.warwickshire.gov.uk/corporate/committe.nsf/66313d7210fd430680256a140057d7fa/e963195e2424edfd80256ffc002c5dd9?OpenDocument		9852		5734		http://www.warwickshire.gov.uk/corporate/Elect05.nsf/ResultsByParty/CB9F403DFDA3AFAF80256F460052B464		1002		0		Independent	http://dbpedia.org/page/Independent_(politician)	Ind	http://dbpedia.org/page/Independent_(politician)	NULL	
2		council		05.05.2005		Warwick		Cubbington 		http://www.warwickshire.gov.uk/corporate/committe.nsf/66313d7210fd430680256a140057d7fa/e963195e2424edfd80256ffc002c5dd9?OpenDocument		9852		5734		http://www.warwickshire.gov.uk/corporate/Elect05.nsf/ResultsByParty/CB9F403DFDA3AFAF80256F460052B464		2214		1		Conservative	http://dbpedia.org/page/Conservative_Party_(UK)	Con	http://dbpedia.org/page/Conservative_Party_(UK)	http://openelectiondata.org/id/parties/25	
2		council		05.05.2005		Warwick		Cubbington 		http://www.warwickshire.gov.uk/corporate/committe.nsf/66313d7210fd430680256a140057d7fa/e963195e2424edfd80256ffc002c5dd9?OpenDocument		9852		5734		http://www.warwickshire.gov.uk/corporate/Elect05.nsf/ResultsByParty/CB9F403DFDA3AFAF80256F460052B464		282		0		Green	http://dbpedia.org/page/Green_Party_of_England_and_Wales	Green	http://dbpedia.org/page/Green_Party_of_England_and_Wales	http://openelectiondata.org/id/parties/64	
2		council		05.05.2005		Warwick		Cubbington 		http://www.warwickshire.gov.uk/corporate/committe.nsf/66313d7210fd430680256a140057d7fa/e963195e2424edfd80256ffc002c5dd9?OpenDocument		9852		5734		http://www.warwickshire.gov.uk/corporate/Elect05.nsf/ResultsByParty/CB9F403DFDA3AFAF80256F460052B464		1460		0		Labour	http://dbpedia.org/page/Labour_Party_(UK)	Lab	http://dbpedia.org/page/Labour_Party_(UK)	http://openelectiondata.org/id/parties/6	
2		council		05.05.2005		Rugby	http://dbpedia.org/page/Borough_of_Rugby	Dunchurch 	http://dbpedia.org/page/Dunchurch	http://www.warwickshire.gov.uk/corporate/committe.nsf/66313d7210fd430680256a140057d7fa/4322db7cbe228d6b80256ffc002c5dbe?OpenDocument		9853		4642		http://www.warwickshire.gov.uk/corporate/Elect05.nsf/ResultsByParty/0A214AEE782FD1CD80256F460052B468		795		0		Labour		Lab		http://openelectiondata.org/id/parties/6	
2		council		05.05.2005		Rugby		Dunchurch 		http://www.warwickshire.gov.uk/corporate/committe.nsf/66313d7210fd430680256a140057d7fa/4322db7cbe228d6b80256ffc002c5dbe?OpenDocument		9853		4642		http://www.warwickshire.gov.uk/corporate/Elect05.nsf/ResultsByParty/0A214AEE782FD1CD80256F460052B468		868		0		Liberal Democrat	http://dbpedia.org/page/Liberal_Democrats	LibDem	http://dbpedia.org/page/Liberal_Democrats	http://openelectiondata.org/id/parties/26	
2		council		05.05.2005		Rugby		Dunchurch 		http://www.warwickshire.gov.uk/corporate/committe.nsf/66313d7210fd430680256a140057d7fa/4322db7cbe228d6b80256ffc002c5dbe?OpenDocument		9853		4642		http://www.warwickshire.gov.uk/corporate/Elect05.nsf/ResultsByParty/0A214AEE782FD1CD80256F460052B468		2979		1		Conservative	http://dbpedia.org/page/Conservative_Party_(UK)	Con	http://dbpedia.org/page/Conservative_Party_(UK)	http://openelectiondata.org/id/parties/25	
2		council		05.05.2005		Rugby		Earl Craven 	http://userannotation/na	http://www.warwickshire.gov.uk/corporate/committe.nsf/d2d81776d1ed546080256a140057d7f9/c85e26a5a1d98e8b80256ffc002c5dd5?OpenDocument		9854		5059		http://www.warwickshire.gov.uk/corporate/Elect05.nsf/ResultsByParty/BD42E168D34F181A80256F460052B47A		1665		0		Labour	http://dbpedia.org/page/Labour_Party_(UK)	Lab	http://dbpedia.org/page/Labour_Party_(UK)	http://openelectiondata.org/id/parties/6	
2		council		05.05.2005		Rugby		Earl Craven 		http://www.warwickshire.gov.uk/corporate/committe.nsf/d2d81776d1ed546080256a140057d7f9/c85e26a5a1d98e8b80256ffc002c5dd5?OpenDocument		9854		5059		http://www.warwickshire.gov.uk/corporate/Elect05.nsf/ResultsByParty/BD42E168D34F181A80256F460052B47A		1141		0		Liberal Democrat	http://dbpedia.org/page/Liberal_Democrats	LibDem	http://dbpedia.org/page/Liberal_Democrats	http://openelectiondata.org/id/parties/26	
2		council		05.05.2005		Rugby		Earl Craven 		http://www.warwickshire.gov.uk/corporate/committe.nsf/d2d81776d1ed546080256a140057d7f9/c85e26a5a1d98e8b80256ffc002c5dd5?OpenDocument		9854		5059		http://www.warwickshire.gov.uk/corporate/Elect05.nsf/ResultsByParty/BD42E168D34F181A80256F460052B47A		2253		1		Conservative	http://dbpedia.org/page/Conservative_Party_(UK)	Con	http://dbpedia.org/page/Conservative_Party_(UK)	http://openelectiondata.org/id/parties/25	
2		council		05.05.2005		Rugby		Eastlands & Hillmorton 	http://dbpedia.org/page/Hillmorton	http://www.warwickshire.gov.uk/corporate/committe.nsf/66313d7210fd430680256a140057d7fa/b421a33a92f09ec580256ffc002c5dec?OpenDocument		9855		14164		http://www.warwickshire.gov.uk/corporate/Elect05.nsf/ResultsByParty/FE423FD92822BC6780256F8500551A96		2205		0		Conservative		Con		http://openelectiondata.org/id/parties/25	
2		council		05.05.2005		Rugby		Eastlands & Hillmorton 		http://www.warwickshire.gov.uk/corporate/committe.nsf/66313d7210fd430680256a140057d7fa/b421a33a92f09ec580256ffc002c5dec?OpenDocument		9855		14164		http://www.warwickshire.gov.uk/corporate/Elect05.nsf/ResultsByParty/FE423FD92822BC6780256F8500551A96		2949		1		Liberal Democrat	http://dbpedia.org/page/Liberal_Democrats	LibDem	http://dbpedia.org/page/Liberal_Democrats	http://openelectiondata.org/id/parties/26	
2		council		05.05.2005		Rugby		Eastlands & Hillmorton 		http://www.warwickshire.gov.uk/corporate/committe.nsf/66313d7210fd430680256a140057d7fa/b421a33a92f09ec580256ffc002c5dec?OpenDocument		9855		14164		http://www.warwickshire.gov.uk/corporate/Elect05.nsf/ResultsByParty/FE423FD92822BC6780256F8500551A96		1632		0		Labour	http://dbpedia.org/page/Labour_Party_(UK)	Lab	http://dbpedia.org/page/Labour_Party_(UK)	http://openelectiondata.org/id/parties/6	
2		council		05.05.2005		Rugby		Eastlands & Hillmorton 		http://www.warwickshire.gov.uk/corporate/committe.nsf/66313d7210fd430680256a140057d7fa/b421a33a92f09ec580256ffc002c5dec?OpenDocument		9855		14164		http://www.warwickshire.gov.uk/corporate/Elect05.nsf/ResultsByParty/FE423FD92822BC6780256F8500551A96		2208		0		Labour		Lab		http://openelectiondata.org/id/parties/6	
2		council		05.05.2005		Rugby		Eastlands & Hillmorton 		http://www.warwickshire.gov.uk/corporate/committe.nsf/66313d7210fd430680256a140057d7fa/b421a33a92f09ec580256ffc002c5dec?OpenDocument		9855		14164		http://www.warwickshire.gov.uk/corporate/Elect05.nsf/ResultsByParty/FE423FD92822BC6780256F8500551A96		1854		0		Conservative	http://dbpedia.org/page/Conservative_Party_(UK)	Con	http://dbpedia.org/page/Conservative_Party_(UK)	http://openelectiondata.org/id/parties/25	
2		council		05.05.2005		Rugby		Eastlands & Hillmorton 		http://www.warwickshire.gov.uk/corporate/committe.nsf/66313d7210fd430680256a140057d7fa/b421a33a92f09ec580256ffc002c5dec?OpenDocument		9855		14164		http://www.warwickshire.gov.uk/corporate/Elect05.nsf/ResultsByParty/FE423FD92822BC6780256F8500551A96		3316		1		Liberal Democrat	http://dbpedia.org/page/Liberal_Democrats	LibDem	http://dbpedia.org/page/Liberal_Democrats	http://openelectiondata.org/id/parties/26	
2		council		05.05.2005		Stratford	http://dbpedia.org/page/Stratford-on-Avon_District	Feldon 	http://userannotation/na	https://www.warwickshire.gov.uk/corporate/committe.nsf/d2d81776d1ed546080256a140057d7f9/690f4577a1c4027c80256ffc002c5ded?OpenDocument		9856		4434		http://www.warwickshire.gov.uk/corporate/Elect05.nsf/ResultsByParty/0F5E6368E97DE19680256F850055279C		2611		1		Conservative	http://dbpedia.org/page/Conservative_Party_(UK)	Con	http://dbpedia.org/page/Conservative_Party_(UK)	http://openelectiondata.org/id/parties/25	
2		council		05.05.2005		Stratford		Feldon 		https://www.warwickshire.gov.uk/corporate/committe.nsf/d2d81776d1ed546080256a140057d7f9/690f4577a1c4027c80256ffc002c5ded?OpenDocument		9856		4434		http://www.warwickshire.gov.uk/corporate/Elect05.nsf/ResultsByParty/0F5E6368E97DE19680256F850055279C		1823		0		Liberal Democrat	http://dbpedia.org/page/Liberal_Democrats	LibDem	http://dbpedia.org/page/Liberal_Democrats	http://openelectiondata.org/id/parties/26	
2		council		05.05.2005		Rugby	http://dbpedia.org/page/Borough_of_Rugby	Fosse 		http://www.warwickshire.gov.uk/corporate/committe.nsf/d2d81776d1ed546080256a140057d7f9/1b6fc7727b089cc280256ffc002c5dce?OpenDocument		9857		3364		http://www.warwickshire.gov.uk/corporate/Elect05.nsf/ResultsByParty/8E8BFFDE4031574680256F460052B489		820		0		Labour	http://dbpedia.org/page/Labour_Party_(UK)	Lab	http://dbpedia.org/page/Labour_Party_(UK)	http://openelectiondata.org/id/parties/6	
2		council		05.05.2005		Rugby		Fosse 		http://www.warwickshire.gov.uk/corporate/committe.nsf/d2d81776d1ed546080256a140057d7f9/1b6fc7727b089cc280256ffc002c5dce?OpenDocument		9857		3364		http://www.warwickshire.gov.uk/corporate/Elect05.nsf/ResultsByParty/8E8BFFDE4031574680256F460052B489		1873		1		Conservative	http://dbpedia.org/page/Conservative_Party_(UK)	Con	http://dbpedia.org/page/Conservative_Party_(UK)	http://openelectiondata.org/id/parties/25	
2		council		05.05.2005		Rugby		Fosse 		http://www.warwickshire.gov.uk/corporate/committe.nsf/d2d81776d1ed546080256a140057d7f9/1b6fc7727b089cc280256ffc002c5dce?OpenDocument		9857		3364		http://www.warwickshire.gov.uk/corporate/Elect05.nsf/ResultsByParty/8E8BFFDE4031574680256F460052B489		671		0		Liberal Democrat	http://dbpedia.org/page/Liberal_Democrats	LibDem	http://dbpedia.org/page/Liberal_Democrats	http://openelectiondata.org/id/parties/26	
2		council		05.05.2005		North Warwickshire	http://dbpedia.org/page/North_Warwickshire	Hartshill 	http://dbpedia.org/page/Hartshill	http://www.warwickshire.gov.uk/corporate/committe.nsf/d2d81776d1ed546080256a140057d7f9/adbac5eb60f0468680256ffc002c5dda?OpenDocument		9858		3704		http://www.warwickshire.gov.uk/corporate/Elect05.nsf/ResultsByParty/CD0773C0A55E942D80256F460052B462		723		0		Liberal Democrat		LibDem		http://openelectiondata.org/id/parties/26	
2		council		05.05.2005		North Warwickshire		Hartshill 		http://www.warwickshire.gov.uk/corporate/committe.nsf/d2d81776d1ed546080256a140057d7f9/adbac5eb60f0468680256ffc002c5dda?OpenDocument		9858		3704		http://www.warwickshire.gov.uk/corporate/Elect05.nsf/ResultsByParty/CD0773C0A55E942D80256F460052B462		1400		0		Conservative	http://dbpedia.org/page/Conservative_Party_(UK)	Con	http://dbpedia.org/page/Conservative_Party_(UK)	http://openelectiondata.org/id/parties/25	
2		council		05.05.2005		North Warwickshire		Hartshill 		http://www.warwickshire.gov.uk/corporate/committe.nsf/d2d81776d1ed546080256a140057d7f9/adbac5eb60f0468680256ffc002c5dda?OpenDocument		9858		3704		http://www.warwickshire.gov.uk/corporate/Elect05.nsf/ResultsByParty/CD0773C0A55E942D80256F460052B462		1581		1		Labour	http://dbpedia.org/page/Labour_Party_(UK)	Lab	http://dbpedia.org/page/Labour_Party_(UK)	http://openelectiondata.org/id/parties/6	
2		council		05.05.2005		Stratford	http://dbpedia.org/page/Stratford-on-Avon_District	Henley-in-Arden 	http://dbpedia.org/page/Henley-in-Arden	http://www.warwickshire.gov.uk/corporate/committe.nsf/66313d7210fd430680256a140057d7fa/b01c0b7d6e74ca3b80256ffc002c5dc3?OpenDocument		9859		4439		http://www.warwickshire.gov.uk/corporate/Elect05.nsf/ResultsByParty/2E9276BD53D395BC80256F460052B488		887		0		Liberal Democrat	http://dbpedia.org/page/Liberal_Democrats	LibDem	http://dbpedia.org/page/Liberal_Democrats	http://openelectiondata.org/id/parties/26	
2		council		05.05.2005		Stratford		Henley-in-Arden 		http://www.warwickshire.gov.uk/corporate/committe.nsf/66313d7210fd430680256a140057d7fa/b01c0b7d6e74ca3b80256ffc002c5dc3?OpenDocument		9859		4439		http://www.warwickshire.gov.uk/corporate/Elect05.nsf/ResultsByParty/2E9276BD53D395BC80256F460052B488		2956		1		Conservative	http://dbpedia.org/page/Conservative_Party_(UK)	Con	http://dbpedia.org/page/Conservative_Party_(UK)	http://openelectiondata.org/id/parties/25	
2		council		05.05.2005		Stratford		Henley-in-Arden 		http://www.warwickshire.gov.uk/corporate/committe.nsf/66313d7210fd430680256a140057d7fa/b01c0b7d6e74ca3b80256ffc002c5dc3?OpenDocument		9859		4439		http://www.warwickshire.gov.uk/corporate/Elect05.nsf/ResultsByParty/2E9276BD53D395BC80256F460052B488		596		0		Labour	http://dbpedia.org/page/Labour_Party_(UK)	Lab	http://dbpedia.org/page/Labour_Party_(UK)	http://openelectiondata.org/id/parties/6	
2		council		05.05.2005		Warwick	http://dbpedia.org/page/Warwick_District	Kenilworth Abbey 	http://dbpedia.org/page/Kenilworth	http://www.warwickshire.gov.uk/corporate/committe.nsf/d2d81776d1ed546080256a140057d7f9/9f5b30aab5b9f66c80256ffc002c5dd3?OpenDocument		9860		4940		http://www.warwickshire.gov.uk/corporate/Elect05.nsf/ResultsByParty/B59106B52DFB6AE080256F460052B47F		1994		0		Conservative	http://dbpedia.org/page/Conservative_Party_(UK)	Con	http://dbpedia.org/page/Conservative_Party_(UK)	http://openelectiondata.org/id/parties/25	
2		council		05.05.2005		Warwick		Kenilworth Abbey 		http://www.warwickshire.gov.uk/corporate/committe.nsf/d2d81776d1ed546080256a140057d7f9/9f5b30aab5b9f66c80256ffc002c5dd3?OpenDocument		9860		4940		http://www.warwickshire.gov.uk/corporate/Elect05.nsf/ResultsByParty/B59106B52DFB6AE080256F460052B47F		896		0		Labour	http://dbpedia.org/page/Labour_Party_(UK)	Lab	http://dbpedia.org/page/Labour_Party_(UK)	http://openelectiondata.org/id/parties/6	
2		council		05.05.2005		Warwick		Kenilworth Abbey 		http://www.warwickshire.gov.uk/corporate/committe.nsf/d2d81776d1ed546080256a140057d7f9/9f5b30aab5b9f66c80256ffc002c5dd3?OpenDocument		9860		4940		http://www.warwickshire.gov.uk/corporate/Elect05.nsf/ResultsByParty/B59106B52DFB6AE080256F460052B47F		2050		1		Liberal Democrat	http://dbpedia.org/page/Liberal_Democrats	LibDem	http://dbpedia.org/page/Liberal_Democrats	http://openelectiondata.org/id/parties/26	
2		council		05.05.2005		Warwick		Kenilworth Park Hill 		http://www.warwickshire.gov.uk/corporate/committe.nsf/d2d81776d1ed546080256a140057d7f9/52cfa6c7644f6f3780256ffc002c5dd2?OpenDocument		9861		4730		http://www.warwickshire.gov.uk/corporate/Elect05.nsf/ResultsByParty/A519BEE425A2B31A80256F460052B46F		1753		0		Conservative	http://dbpedia.org/page/Conservative_Party_(UK)	Con	http://dbpedia.org/page/Conservative_Party_(UK)	http://openelectiondata.org/id/parties/25	
2		council		05.05.2005		Warwick		Kenilworth Park Hill 		http://www.warwickshire.gov.uk/corporate/committe.nsf/d2d81776d1ed546080256a140057d7f9/52cfa6c7644f6f3780256ffc002c5dd2?OpenDocument		9861		4730		http://www.warwickshire.gov.uk/corporate/Elect05.nsf/ResultsByParty/A519BEE425A2B31A80256F460052B46F		717		0		Labour	http://dbpedia.org/page/Labour_Party_(UK)	Lab	http://dbpedia.org/page/Labour_Party_(UK)	http://openelectiondata.org/id/parties/6	
2		council		05.05.2005		Warwick		Kenilworth Park Hill 		http://www.warwickshire.gov.uk/corporate/committe.nsf/d2d81776d1ed546080256a140057d7f9/52cfa6c7644f6f3780256ffc002c5dd2?OpenDocument		9861		4730		http://www.warwickshire.gov.uk/corporate/Elect05.nsf/ResultsByParty/A519BEE425A2B31A80256F460052B46F		2260		1		Liberal Democrat	http://dbpedia.org/page/Liberal_Democrats	LibDem	http://dbpedia.org/page/Liberal_Democrats	http://openelectiondata.org/id/parties/26	
2		council		05.05.2005		Warwick		Kenilworth St. John's 		http://www.warwickshire.gov.uk/corporate/committe.nsf/d2d81776d1ed546080256a140057d7f9/2e3d8c84cf94db6b80256ffc002c5de2?OpenDocument		9862		4529		http://www.warwickshire.gov.uk/corporate/Elect05.nsf/ResultsByParty/F737508678FEAFE380256F460052B496		139		0		Independent	http://dbpedia.org/page/Independent_(politician)	Ind	http://dbpedia.org/page/Independent_(politician)	NULL	
2		council		05.05.2005		Warwick		Kenilworth St. John's 		http://www.warwickshire.gov.uk/corporate/committe.nsf/d2d81776d1ed546080256a140057d7f9/2e3d8c84cf94db6b80256ffc002c5de2?OpenDocument		9862		4529		http://www.warwickshire.gov.uk/corporate/Elect05.nsf/ResultsByParty/F737508678FEAFE380256F460052B496		2011		1		Conservative	http://dbpedia.org/page/Conservative_Party_(UK)	Con	http://dbpedia.org/page/Conservative_Party_(UK)	http://openelectiondata.org/id/parties/25	
2		council		05.05.2005		Warwick		Kenilworth St. John's 		http://www.warwickshire.gov.uk/corporate/committe.nsf/d2d81776d1ed546080256a140057d7f9/2e3d8c84cf94db6b80256ffc002c5de2?OpenDocument		9862		4529		http://www.warwickshire.gov.uk/corporate/Elect05.nsf/ResultsByParty/F737508678FEAFE380256F460052B496		217		0		Green	http://dbpedia.org/page/Green_Party_of_England_and_Wales	Green	http://dbpedia.org/page/Green_Party_of_England_and_Wales	http://openelectiondata.org/id/parties/64	
2		council		05.05.2005		Warwick		Kenilworth St. John's 		http://www.warwickshire.gov.uk/corporate/committe.nsf/d2d81776d1ed546080256a140057d7f9/2e3d8c84cf94db6b80256ffc002c5de2?OpenDocument		9862		4529		http://www.warwickshire.gov.uk/corporate/Elect05.nsf/ResultsByParty/F737508678FEAFE380256F460052B496		1094		0		Labour	http://dbpedia.org/page/Labour_Party_(UK)	Lab	http://dbpedia.org/page/Labour_Party_(UK)	http://openelectiondata.org/id/parties/6	
2		council		05.05.2005		Warwick		Kenilworth St. John's 		http://www.warwickshire.gov.uk/corporate/committe.nsf/d2d81776d1ed546080256a140057d7f9/2e3d8c84cf94db6b80256ffc002c5de2?OpenDocument		9862		4529		http://www.warwickshire.gov.uk/corporate/Elect05.nsf/ResultsByParty/F737508678FEAFE380256F460052B496		1068		0		Liberal Democrat	http://dbpedia.org/page/Liberal_Democrats	LibDem	http://dbpedia.org/page/Liberal_Democrats	http://openelectiondata.org/id/parties/26	
2		council		05.05.2005		Stratford	http://dbpedia.org/page/Stratford-on-Avon_District	Kineton 	http://dbpedia.org/page/Kineton	http://www.warwickshire.gov.uk/corporate/committe.nsf/d2d81776d1ed546080256a140057d7f9/1eed8be0a643995880256ffc002c5dde?OpenDocument		9863		4136		http://www.warwickshire.gov.uk/corporate/Elect05.nsf/ResultsByParty/E6562FD5E37401A080256F460052B495		1975		0		Conservative	http://dbpedia.org/page/Conservative_Party_(UK)	Con	http://dbpedia.org/page/Conservative_Party_(UK)	http://openelectiondata.org/id/parties/25	
2		council		05.05.2005		Stratford		Kineton 		http://www.warwickshire.gov.uk/corporate/committe.nsf/d2d81776d1ed546080256a140057d7f9/1eed8be0a643995880256ffc002c5dde?OpenDocument		9863		4136		http://www.warwickshire.gov.uk/corporate/Elect05.nsf/ResultsByParty/E6562FD5E37401A080256F460052B495		2161		1		Liberal Democrat	http://dbpedia.org/page/Liberal_Democrats	LibDem	http://dbpedia.org/page/Liberal_Democrats	http://openelectiondata.org/id/parties/26	
2		council		05.05.2005		North Warwickshire	http://dbpedia.org/page/North_Warwickshire	Kingsbury 	http://dbpedia.org/page/Kingsbury	http://www.warwickshire.gov.uk/corporate/committe.nsf/0/e9fa14772b23437480256ffc002c5dca?OpenDocument		9864		3888		http://www.warwickshire.gov.uk/corporate/Elect05.nsf/ResultsByParty/7731E93C61408BD080256F460052B484		1164		0		Conservative	http://dbpedia.org/page/Conservative_Party_(UK)	Con	http://dbpedia.org/page/Conservative_Party_(UK)	http://openelectiondata.org/id/parties/25	
2		council		05.05.2005		North Warwickshire		Kingsbury 		http://www.warwickshire.gov.uk/corporate/committe.nsf/0/e9fa14772b23437480256ffc002c5dca?OpenDocument		9864		3888		http://www.warwickshire.gov.uk/corporate/Elect05.nsf/ResultsByParty/7731E93C61408BD080256F460052B484		2012		1		Labour	http://dbpedia.org/page/Labour_Party_(UK)	Lab	http://dbpedia.org/page/Labour_Party_(UK)	http://openelectiondata.org/id/parties/6	
2		council		05.05.2005		North Warwickshire		Kingsbury 		http://www.warwickshire.gov.uk/corporate/committe.nsf/0/e9fa14772b23437480256ffc002c5dca?OpenDocument		9864		3888		http://www.warwickshire.gov.uk/corporate/Elect05.nsf/ResultsByParty/7731E93C61408BD080256F460052B484		712		0		Liberal Democrat	http://dbpedia.org/page/Liberal_Democrats	LibDem	http://dbpedia.org/page/Liberal_Democrats	http://openelectiondata.org/id/parties/26	
2		council		05.05.2005		Rugby	http://dbpedia.org/page/Borough_of_Rugby	Lawford & New Bilton 	http://userannotation/na	http://www.warwickshire.gov.uk/corporate/committe.nsf/d2d81776d1ed546080256a140057d7f9/30092dc103a5b37980256ffc002c5dee?OpenDocument		9865		4104		http://www.warwickshire.gov.uk/corporate/Elect05.nsf/ResultsByParty/493441081E707F5880256F85005556D1		1712		1		Labour	http://dbpedia.org/page/Labour_Party_(UK)	Lab	http://dbpedia.org/page/Labour_Party_(UK)	http://openelectiondata.org/id/parties/6	
2		council		05.05.2005		Rugby		Lawford & New Bilton 		http://www.warwickshire.gov.uk/corporate/committe.nsf/d2d81776d1ed546080256a140057d7f9/30092dc103a5b37980256ffc002c5dee?OpenDocument		9865		4104		http://www.warwickshire.gov.uk/corporate/Elect05.nsf/ResultsByParty/493441081E707F5880256F85005556D1		1191		0		Conservative	http://dbpedia.org/page/Conservative_Party_(UK)	Con	http://dbpedia.org/page/Conservative_Party_(UK)	http://openelectiondata.org/id/parties/25	
2		council		05.05.2005		Rugby		Lawford & New Bilton 		http://www.warwickshire.gov.uk/corporate/committe.nsf/d2d81776d1ed546080256a140057d7f9/30092dc103a5b37980256ffc002c5dee?OpenDocument		9865		4104		http://www.warwickshire.gov.uk/corporate/Elect05.nsf/ResultsByParty/493441081E707F5880256F85005556D1		585		0		Liberal Democrat	http://dbpedia.org/page/Liberal_Democrats	LibDem	http://dbpedia.org/page/Liberal_Democrats	http://openelectiondata.org/id/parties/26	
2		council		05.05.2005		Rugby		Lawford & New Bilton 		http://www.warwickshire.gov.uk/corporate/committe.nsf/d2d81776d1ed546080256a140057d7f9/30092dc103a5b37980256ffc002c5dee?OpenDocument		9865		4104		http://www.warwickshire.gov.uk/corporate/Elect05.nsf/ResultsByParty/493441081E707F5880256F85005556D1		616		0		Independent	http://dbpedia.org/page/Independent_(politician)	Ind	http://dbpedia.org/page/Independent_(politician)	NULL	
2		council		05.05.2005		Warwick	http://dbpedia.org/page/Warwick_District	Leamington Brunswick 	http://dbpedia.org/page/Royal_Leamington_Spa	http://www.warwickshire.gov.uk/corporate/committe.nsf/66313d7210fd430680256a140057d7fa/86f064b29b89015b80256ffc002c5dc6?OpenDocument		9866		3161		http://www.warwickshire.gov.uk/corporate/Elect05.nsf/ResultsByParty/36E1CEFAC6DEF69C80256F460052B466		1689		1		Labour	http://dbpedia.org/page/Labour_Party_(UK)	Lab	http://dbpedia.org/page/Labour_Party_(UK)	http://openelectiondata.org/id/parties/6	
2		council		05.05.2005		Warwick		Leamington Brunswick 		http://www.warwickshire.gov.uk/corporate/committe.nsf/66313d7210fd430680256a140057d7fa/86f064b29b89015b80256ffc002c5dc6?OpenDocument		9866		3161		http://www.warwickshire.gov.uk/corporate/Elect05.nsf/ResultsByParty/36E1CEFAC6DEF69C80256F460052B466		631		0		Liberal Democrat	http://dbpedia.org/page/Liberal_Democrats	LibDem	http://dbpedia.org/page/Liberal_Democrats	http://openelectiondata.org/id/parties/26	
2		council		05.05.2005		Warwick		Leamington Brunswick 		http://www.warwickshire.gov.uk/corporate/committe.nsf/66313d7210fd430680256a140057d7fa/86f064b29b89015b80256ffc002c5dc6?OpenDocument		9866		3161		http://www.warwickshire.gov.uk/corporate/Elect05.nsf/ResultsByParty/36E1CEFAC6DEF69C80256F460052B466		270		0		Green	http://dbpedia.org/page/Green_Party_of_England_and_Wales	Green	http://dbpedia.org/page/Green_Party_of_England_and_Wales	http://openelectiondata.org/id/parties/64	
2		council		05.05.2005		Warwick		Leamington Brunswick 		http://www.warwickshire.gov.uk/corporate/committe.nsf/66313d7210fd430680256a140057d7fa/86f064b29b89015b80256ffc002c5dc6?OpenDocument		9866		3161		http://www.warwickshire.gov.uk/corporate/Elect05.nsf/ResultsByParty/36E1CEFAC6DEF69C80256F460052B466		571		0		Conservative	http://dbpedia.org/page/Conservative_Party_(UK)	Con	http://dbpedia.org/page/Conservative_Party_(UK)	http://openelectiondata.org/id/parties/25	
2		council		05.05.2005		Warwick		Leamington Milverton 		http://www.warwickshire.gov.uk/corporate/committe.nsf/d2d81776d1ed546080256a140057d7f9/0a4e20402cf5a06280256ffc002c5dc8?OpenDocument		9867		4346		http://www.warwickshire.gov.uk/corporate/Elect05.nsf/ResultsByParty/6C72530E950106AA80256F460052B482		1301		0		Conservative		Con		http://openelectiondata.org/id/parties/25	
2		council		05.05.2005		Warwick		Leamington Milverton 		http://www.warwickshire.gov.uk/corporate/committe.nsf/d2d81776d1ed546080256a140057d7f9/0a4e20402cf5a06280256ffc002c5dc8?OpenDocument		9867		4346		http://www.warwickshire.gov.uk/corporate/Elect05.nsf/ResultsByParty/6C72530E950106AA80256F460052B482		980		0		Labour	http://dbpedia.org/page/Labour_Party_(UK)	Lab	http://dbpedia.org/page/Labour_Party_(UK)	http://openelectiondata.org/id/parties/6	
2		council		05.05.2005		Warwick		Leamington Milverton 		http://www.warwickshire.gov.uk/corporate/committe.nsf/d2d81776d1ed546080256a140057d7f9/0a4e20402cf5a06280256ffc002c5dc8?OpenDocument		9867		4346		http://www.warwickshire.gov.uk/corporate/Elect05.nsf/ResultsByParty/6C72530E950106AA80256F460052B482		1698		1		Liberal Democrat	http://dbpedia.org/page/Liberal_Democrats	LibDem	http://dbpedia.org/page/Liberal_Democrats	http://openelectiondata.org/id/parties/26	
2		council		05.05.2005		Warwick		Leamington Milverton 		http://www.warwickshire.gov.uk/corporate/committe.nsf/d2d81776d1ed546080256a140057d7f9/0a4e20402cf5a06280256ffc002c5dc8?OpenDocument		9867		4346		http://www.warwickshire.gov.uk/corporate/Elect05.nsf/ResultsByParty/6C72530E950106AA80256F460052B482		367		0		Green	http://dbpedia.org/page/Green_Party_of_England_and_Wales	Green	http://dbpedia.org/page/Green_Party_of_England_and_Wales	http://openelectiondata.org/id/parties/64	
2		council		05.05.2005		Warwick		Leamington North 		https://www.warwickshire.gov.uk/corporate/committe.nsf/d2d81776d1ed546080256a140057d7f9/4e62c5aaa735df6780256ffc002c5dbf?OpenDocument		9868		17901		http://www.warwickshire.gov.uk/corporate/Elect05.nsf/ResultsByParty/250223E6B6E8E0FA80256F460052B48F		768		0		Green		Green		http://openelectiondata.org/id/parties/64	
2		council		05.05.2005		Warwick		Leamington North 		https://www.warwickshire.gov.uk/corporate/committe.nsf/d2d81776d1ed546080256a140057d7f9/4e62c5aaa735df6780256ffc002c5dbf?OpenDocument		9868		17901		http://www.warwickshire.gov.uk/corporate/Elect05.nsf/ResultsByParty/250223E6B6E8E0FA80256F460052B48F		1961		0		Labour	http://dbpedia.org/page/Labour_Party_(UK)	Lab	http://dbpedia.org/page/Labour_Party_(UK)	http://openelectiondata.org/id/parties/6	
2		council		05.05.2005		Warwick		Leamington North 		https://www.warwickshire.gov.uk/corporate/committe.nsf/d2d81776d1ed546080256a140057d7f9/4e62c5aaa735df6780256ffc002c5dbf?OpenDocument		9868		17901		http://www.warwickshire.gov.uk/corporate/Elect05.nsf/ResultsByParty/250223E6B6E8E0FA80256F460052B48F		2139		0		Conservative	http://dbpedia.org/page/Conservative_Party_(UK)	Con	http://dbpedia.org/page/Conservative_Party_(UK)	http://openelectiondata.org/id/parties/25	
2		council		05.05.2005		Warwick		Leamington North 		https://www.warwickshire.gov.uk/corporate/committe.nsf/d2d81776d1ed546080256a140057d7f9/4e62c5aaa735df6780256ffc002c5dbf?OpenDocument		9868		17901		http://www.warwickshire.gov.uk/corporate/Elect05.nsf/ResultsByParty/250223E6B6E8E0FA80256F460052B48F		437		0		Green	http://dbpedia.org/page/Green_Party_of_England_and_Wales	Green	http://dbpedia.org/page/Green_Party_of_England_and_Wales	http://openelectiondata.org/id/parties/64	
2		council		05.05.2005		Warwick		Leamington North 		https://www.warwickshire.gov.uk/corporate/committe.nsf/d2d81776d1ed546080256a140057d7f9/4e62c5aaa735df6780256ffc002c5dbf?OpenDocument		9868		17901		http://www.warwickshire.gov.uk/corporate/Elect05.nsf/ResultsByParty/250223E6B6E8E0FA80256F460052B48F		4171		1		Liberal Democrat	http://dbpedia.org/page/Liberal_Democrats	LibDem	http://dbpedia.org/page/Liberal_Democrats	http://openelectiondata.org/id/parties/26	
2		council		05.05.2005		Warwick		Leamington North 		https://www.warwickshire.gov.uk/corporate/committe.nsf/d2d81776d1ed546080256a140057d7f9/4e62c5aaa735df6780256ffc002c5dbf?OpenDocument		9868		17901		http://www.warwickshire.gov.uk/corporate/Elect05.nsf/ResultsByParty/250223E6B6E8E0FA80256F460052B48F		2071		0		Conservative	http://dbpedia.org/page/Conservative_Party_(UK)	Con	http://dbpedia.org/page/Conservative_Party_(UK)	http://openelectiondata.org/id/parties/25	
2		council		05.05.2005		Warwick		Leamington North 		https://www.warwickshire.gov.uk/corporate/committe.nsf/d2d81776d1ed546080256a140057d7f9/4e62c5aaa735df6780256ffc002c5dbf?OpenDocument		9868		17901		http://www.warwickshire.gov.uk/corporate/Elect05.nsf/ResultsByParty/250223E6B6E8E0FA80256F460052B48F		78		0		Independent	http://dbpedia.org/page/Independent_(politician)	Ind	http://dbpedia.org/page/Independent_(politician)	NULL	
2		council		05.05.2005		Warwick		Leamington North 		https://www.warwickshire.gov.uk/corporate/committe.nsf/d2d81776d1ed546080256a140057d7f9/4e62c5aaa735df6780256ffc002c5dbf?OpenDocument		9868		17901		http://www.warwickshire.gov.uk/corporate/Elect05.nsf/ResultsByParty/250223E6B6E8E0FA80256F460052B48F		4130		1		Liberal Democrat	http://dbpedia.org/page/Liberal_Democrats	LibDem	http://dbpedia.org/page/Liberal_Democrats	http://openelectiondata.org/id/parties/26	
2		council		05.05.2005		Warwick		Leamington North 		https://www.warwickshire.gov.uk/corporate/committe.nsf/d2d81776d1ed546080256a140057d7f9/4e62c5aaa735df6780256ffc002c5dbf?OpenDocument		9868		17901		http://www.warwickshire.gov.uk/corporate/Elect05.nsf/ResultsByParty/250223E6B6E8E0FA80256F460052B48F		2146		0		Labour	http://dbpedia.org/page/Labour_Party_(UK)	Lab	http://dbpedia.org/page/Labour_Party_(UK)	http://openelectiondata.org/id/parties/6	
2		council		05.05.2005		Warwick		Leamington Willes 		http://www.warwickshire.gov.uk/corporate/committe.nsf/d2d81776d1ed546080256a140057d7f9/7bc696036feadcf180256ffc002c5dcf?OpenDocument		9869		3553		http://www.warwickshire.gov.uk/corporate/Elect05.nsf/ResultsByParty/955EA1823826753680256F460052B490		1767		1		Labour		Lab		http://openelectiondata.org/id/parties/6	
2		council		05.05.2005		Warwick		Leamington Willes 		http://www.warwickshire.gov.uk/corporate/committe.nsf/d2d81776d1ed546080256a140057d7f9/7bc696036feadcf180256ffc002c5dcf?OpenDocument		9869		3553		http://www.warwickshire.gov.uk/corporate/Elect05.nsf/ResultsByParty/955EA1823826753680256F460052B490		659		0		Liberal Democrat	http://dbpedia.org/page/Liberal_Democrats	LibDem	http://dbpedia.org/page/Liberal_Democrats	http://openelectiondata.org/id/parties/26	
2		council		05.05.2005		Warwick		Leamington Willes 		http://www.warwickshire.gov.uk/corporate/committe.nsf/d2d81776d1ed546080256a140057d7f9/7bc696036feadcf180256ffc002c5dcf?OpenDocument		9869		3553		http://www.warwickshire.gov.uk/corporate/Elect05.nsf/ResultsByParty/955EA1823826753680256F460052B490		399		0		Green	http://dbpedia.org/page/Green_Party_of_England_and_Wales	Green	http://dbpedia.org/page/Green_Party_of_England_and_Wales	http://openelectiondata.org/id/parties/64	
2		council		05.05.2005		Warwick		Leamington Willes 		http://www.warwickshire.gov.uk/corporate/committe.nsf/d2d81776d1ed546080256a140057d7f9/7bc696036feadcf180256ffc002c5dcf?OpenDocument		9869		3553		http://www.warwickshire.gov.uk/corporate/Elect05.nsf/ResultsByParty/955EA1823826753680256F460052B490		728		0		Conservative	http://dbpedia.org/page/Conservative_Party_(UK)	Con	http://dbpedia.org/page/Conservative_Party_(UK)	http://openelectiondata.org/id/parties/25	
2		council		05.05.2005		Warwick		Leek Wootton 	http://dbpedia.org/page/Leek_Wootton	https://www.warwickshire.gov.uk/corporate/committe.nsf/66313d7210fd430680256a140057d7fa/1df87d939a2ba9fb80256ffc002c5def?OpenDocument		9870		3970		http://www.warwickshire.gov.uk/corporate/Elect05.nsf/ResultsByParty/18F8D390E173648180256F8500559673		497		0		Labour	http://dbpedia.org/page/Labour_Party_(UK)	Lab	http://dbpedia.org/page/Labour_Party_(UK)	http://openelectiondata.org/id/parties/6	
2		council		05.05.2005		Warwick		Leek Wootton 		https://www.warwickshire.gov.uk/corporate/committe.nsf/66313d7210fd430680256a140057d7fa/1df87d939a2ba9fb80256ffc002c5def?OpenDocument		9870		3970		http://www.warwickshire.gov.uk/corporate/Elect05.nsf/ResultsByParty/18F8D390E173648180256F8500559673		2746		1		Conservative	http://dbpedia.org/page/Conservative_Party_(UK)	Con	http://dbpedia.org/page/Conservative_Party_(UK)	http://openelectiondata.org/id/parties/25	
2		council		05.05.2005		Warwick		Leek Wootton 		https://www.warwickshire.gov.uk/corporate/committe.nsf/66313d7210fd430680256a140057d7fa/1df87d939a2ba9fb80256ffc002c5def?OpenDocument		9870		3970		http://www.warwickshire.gov.uk/corporate/Elect05.nsf/ResultsByParty/18F8D390E173648180256F8500559673		727		0		Liberal Democrat	http://dbpedia.org/page/Liberal_Democrats	LibDem	http://dbpedia.org/page/Liberal_Democrats	http://openelectiondata.org/id/parties/26	
2		council		05.05.2005		Nuneaton and Bedworth	http://dbpedia.org/page/Nuneaton_and_Bedworth	Nuneaton Abbey 	http://dbpedia.org/page/Nuneaton	http://www.warwickshire.gov.uk/corporate/committe.nsf/66313d7210fd430680256a140057d7fa/5e055f48ca32f46180256ffc002c5dd4?OpenDocument		9871		3231		http://www.warwickshire.gov.uk/corporate/Elect05.nsf/ResultsByParty/B5A0D6727CE6D24780256F460052B47D		890		0		Liberal Democrat		LibDem		http://openelectiondata.org/id/parties/26	
2		council		05.05.2005		Nuneaton and Bedworth		Nuneaton Abbey 		http://www.warwickshire.gov.uk/corporate/committe.nsf/66313d7210fd430680256a140057d7fa/5e055f48ca32f46180256ffc002c5dd4?OpenDocument		9871		3231		http://www.warwickshire.gov.uk/corporate/Elect05.nsf/ResultsByParty/B5A0D6727CE6D24780256F460052B47D		734		0		Conservative	http://dbpedia.org/page/Conservative_Party_(UK)	Con	http://dbpedia.org/page/Conservative_Party_(UK)	http://openelectiondata.org/id/parties/25	
2		council		05.05.2005		Nuneaton and Bedworth		Nuneaton Abbey 		http://www.warwickshire.gov.uk/corporate/committe.nsf/66313d7210fd430680256a140057d7fa/5e055f48ca32f46180256ffc002c5dd4?OpenDocument		9871		3231		http://www.warwickshire.gov.uk/corporate/Elect05.nsf/ResultsByParty/B5A0D6727CE6D24780256F460052B47D		1410		1		Labour	http://dbpedia.org/page/Labour_Party_(UK)	Lab	http://dbpedia.org/page/Labour_Party_(UK)	http://openelectiondata.org/id/parties/6	
2		council		05.05.2005		Nuneaton and Bedworth		Nuneaton Camp Hill 		http://www.warwickshire.gov.uk/corporate/committe.nsf/d2d81776d1ed546080256a140057d7f9/a2e35a42e53388ff80256ffc002c5dcc?OpenDocument		9872		2640		http://www.warwickshire.gov.uk/corporate/Elect05.nsf/ResultsByParty/81245F3E83E0334880256F460052B47C		431		0		Liberal Democrat	http://dbpedia.org/page/Liberal_Democrats	LibDem	http://dbpedia.org/page/Liberal_Democrats	http://openelectiondata.org/id/parties/26	
2		council		05.05.2005		Nuneaton and Bedworth		Nuneaton Camp Hill 		http://www.warwickshire.gov.uk/corporate/committe.nsf/d2d81776d1ed546080256a140057d7f9/a2e35a42e53388ff80256ffc002c5dcc?OpenDocument		9872		2640		http://www.warwickshire.gov.uk/corporate/Elect05.nsf/ResultsByParty/81245F3E83E0334880256F460052B47C		663		0		Conservative	http://dbpedia.org/page/Conservative_Party_(UK)	Con	http://dbpedia.org/page/Conservative_Party_(UK)	http://openelectiondata.org/id/parties/25	
2		council		05.05.2005		Nuneaton and Bedworth		Nuneaton Camp Hill 		http://www.warwickshire.gov.uk/corporate/committe.nsf/d2d81776d1ed546080256a140057d7f9/a2e35a42e53388ff80256ffc002c5dcc?OpenDocument		9872		2640		http://www.warwickshire.gov.uk/corporate/Elect05.nsf/ResultsByParty/81245F3E83E0334880256F460052B47C		1546		1		Labour	http://dbpedia.org/page/Labour_Party_(UK)	Lab	http://dbpedia.org/page/Labour_Party_(UK)	http://openelectiondata.org/id/parties/6	
2		council		05.05.2005		Nuneaton and Bedworth		Nuneaton Galley Common 	http://dbpedia.org/page/Galley_Common_Village	http://www.warwickshire.gov.uk/corporate/committe.nsf/d2d81776d1ed546080256a140057d7f9/4f47fc063ce2e30c80256ffc002c5dc5?OpenDocument		9873		3325		http://www.warwickshire.gov.uk/corporate/Elect05.nsf/ResultsByParty/3314EC1623E5B4CA80256F460052B467		1500		0		Conservative	http://dbpedia.org/page/Conservative_Party_(UK)	Con	http://dbpedia.org/page/Conservative_Party_(UK)	http://openelectiondata.org/id/parties/25	
2		council		05.05.2005		Nuneaton and Bedworth		Nuneaton Galley Common 		http://www.warwickshire.gov.uk/corporate/committe.nsf/d2d81776d1ed546080256a140057d7f9/4f47fc063ce2e30c80256ffc002c5dc5?OpenDocument		9873		3325		http://www.warwickshire.gov.uk/corporate/Elect05.nsf/ResultsByParty/3314EC1623E5B4CA80256F460052B467		1825		1		Labour	http://dbpedia.org/page/Labour_Party_(UK)	Lab	http://dbpedia.org/page/Labour_Party_(UK)	http://openelectiondata.org/id/parties/6	
2		council		05.05.2005		Nuneaton and Bedworth		Nuneaton St. Nicolas 	http://dbpedia.org/page/St_Nicolas_Park	http://www.warwickshire.gov.uk/corporate/committe.nsf/66313d7210fd430680256a140057d7fa/7eacf7dc40ca788180256ffc002c5dc0?OpenDocument		9874		5153		http://www.warwickshire.gov.uk/corporate/Elect05.nsf/ResultsByParty/275AC115DB57F60380256F460052B45E		1877		0		Labour		Lab		http://openelectiondata.org/id/parties/6	
2		council		05.05.2005		Nuneaton and Bedworth		Nuneaton St. Nicolas 		http://www.warwickshire.gov.uk/corporate/committe.nsf/66313d7210fd430680256a140057d7fa/7eacf7dc40ca788180256ffc002c5dc0?OpenDocument		9874		5153		http://www.warwickshire.gov.uk/corporate/Elect05.nsf/ResultsByParty/275AC115DB57F60380256F460052B45E		3276		1		Conservative	http://dbpedia.org/page/Conservative_Party_(UK)	Con	http://dbpedia.org/page/Conservative_Party_(UK)	http://openelectiondata.org/id/parties/25	
2		council		05.05.2005		Nuneaton and Bedworth		Nuneaton Weddington 	http://dbpedia.org/page/Weddington	http://www.warwickshire.gov.uk/corporate/committe.nsf/d2d81776d1ed546080256a140057d7f9/d85ea85701f58cda80256ffc002c5ddd?OpenDocument		9875		4104		http://www.warwickshire.gov.uk/corporate/Elect05.nsf/ResultsByParty/E04ED312D64ED1C880256F460052B492		631		0		Liberal Democrat	http://dbpedia.org/page/Liberal_Democrats	LibDem	http://dbpedia.org/page/Liberal_Democrats	http://openelectiondata.org/id/parties/26	
2		council		05.05.2005		Nuneaton and Bedworth		Nuneaton Weddington 		http://www.warwickshire.gov.uk/corporate/committe.nsf/d2d81776d1ed546080256a140057d7f9/d85ea85701f58cda80256ffc002c5ddd?OpenDocument		9875		4104		http://www.warwickshire.gov.uk/corporate/Elect05.nsf/ResultsByParty/E04ED312D64ED1C880256F460052B492		2181		1		Conservative	http://dbpedia.org/page/Conservative_Party_(UK)	Con	http://dbpedia.org/page/Conservative_Party_(UK)	http://openelectiondata.org/id/parties/25	
2		council		05.05.2005		Nuneaton and Bedworth		Nuneaton Weddington 		http://www.warwickshire.gov.uk/corporate/committe.nsf/d2d81776d1ed546080256a140057d7f9/d85ea85701f58cda80256ffc002c5ddd?OpenDocument		9875		4104		http://www.warwickshire.gov.uk/corporate/Elect05.nsf/ResultsByParty/E04ED312D64ED1C880256F460052B492		1292		0		Labour	http://dbpedia.org/page/Labour_Party_(UK)	Lab	http://dbpedia.org/page/Labour_Party_(UK)	http://openelectiondata.org/id/parties/6	
2		council		05.05.2005		Nuneaton and Bedworth		Nuneaton Wem Brook 	http://dbpedia.org/page/Nuneaton	http://www.warwickshire.gov.uk/corporate/committe.nsf/66313d7210fd430680256a140057d7fa/34067402bbe0aeb480256ffc002c5df0?OpenDocument		9876		3653		http://www.warwickshire.gov.uk/corporate/Elect05.nsf/ResultsByParty/C6D48A137D10AAD380256F850055B363		894		0		Liberal Democrat	http://dbpedia.org/page/Liberal_Democrats	LibDem	http://dbpedia.org/page/Liberal_Democrats	http://openelectiondata.org/id/parties/26	
2		council		05.05.2005		Nuneaton and Bedworth		Nuneaton Wem Brook 		http://www.warwickshire.gov.uk/corporate/committe.nsf/66313d7210fd430680256a140057d7fa/34067402bbe0aeb480256ffc002c5df0?OpenDocument		9876		3653		http://www.warwickshire.gov.uk/corporate/Elect05.nsf/ResultsByParty/C6D48A137D10AAD380256F850055B363		824		0		Conservative	http://dbpedia.org/page/Conservative_Party_(UK)	Con	http://dbpedia.org/page/Conservative_Party_(UK)	http://openelectiondata.org/id/parties/25	
2		council		05.05.2005		Nuneaton and Bedworth		Nuneaton Wem Brook 		http://www.warwickshire.gov.uk/corporate/committe.nsf/66313d7210fd430680256a140057d7fa/34067402bbe0aeb480256ffc002c5df0?OpenDocument		9876		3653		http://www.warwickshire.gov.uk/corporate/Elect05.nsf/ResultsByParty/C6D48A137D10AAD380256F850055B363		1935		1		Labour	http://dbpedia.org/page/Labour_Party_(UK)	Lab	http://dbpedia.org/page/Labour_Party_(UK)	http://openelectiondata.org/id/parties/6	
2		council		05.05.2005		Nuneaton and Bedworth		Nuneaton Whitestone 	http://dbpedia.org/page/Whitestone	http://www.warwickshire.gov.uk/corporate/committe.nsf/d2d81776d1ed546080256a140057d7f9/b849d5f3aa4a31f380256ffc002c5dbc?OpenDocument		9877		4815		http://www.warwickshire.gov.uk/corporate/Elect05.nsf/ResultsByParty/055E315CD43AB27380256F460052B480		2748		1		Conservative	http://dbpedia.org/page/Conservative_Party_(UK)	Con	http://dbpedia.org/page/Conservative_Party_(UK)	http://openelectiondata.org/id/parties/25	
2		council		05.05.2005		Nuneaton and Bedworth		Nuneaton Whitestone 		http://www.warwickshire.gov.uk/corporate/committe.nsf/d2d81776d1ed546080256a140057d7f9/b849d5f3aa4a31f380256ffc002c5dbc?OpenDocument		9877		4815		http://www.warwickshire.gov.uk/corporate/Elect05.nsf/ResultsByParty/055E315CD43AB27380256F460052B480		2067		0		Labour	http://dbpedia.org/page/Labour_Party_(UK)	Lab	http://dbpedia.org/page/Labour_Party_(UK)	http://openelectiondata.org/id/parties/6	
2		council		05.05.2005		North Warwickshire	http://dbpedia.org/page/North_Warwickshire	Polesworth 	http://dbpedia.org/page/Polesworth	http://www.warwickshire.gov.uk/corporate/committe.nsf/d2d81776d1ed546080256a140057d7f9/9fa731718d73655480256ffc002c5de0?OpenDocument		9878		4730		http://www.warwickshire.gov.uk/corporate/Elect05.nsf/ResultsByParty/F1B9BA597CD6427F80256F460052B48B		2239		1		Labour		Lab		http://openelectiondata.org/id/parties/6	
2		council		05.05.2005		North Warwickshire		Polesworth 		http://www.warwickshire.gov.uk/corporate/committe.nsf/d2d81776d1ed546080256a140057d7f9/9fa731718d73655480256ffc002c5de0?OpenDocument		9878		4730		http://www.warwickshire.gov.uk/corporate/Elect05.nsf/ResultsByParty/F1B9BA597CD6427F80256F460052B48B		1006		0		Liberal Democrat	http://dbpedia.org/page/Liberal_Democrats	LibDem	http://dbpedia.org/page/Liberal_Democrats	http://openelectiondata.org/id/parties/26	
2		council		05.05.2005		North Warwickshire		Polesworth 		http://www.warwickshire.gov.uk/corporate/committe.nsf/d2d81776d1ed546080256a140057d7f9/9fa731718d73655480256ffc002c5de0?OpenDocument		9878		4730		http://www.warwickshire.gov.uk/corporate/Elect05.nsf/ResultsByParty/F1B9BA597CD6427F80256F460052B48B		1485		0		Conservative	http://dbpedia.org/page/Conservative_Party_(UK)	Con	http://dbpedia.org/page/Conservative_Party_(UK)	http://openelectiondata.org/id/parties/25	
2		council		05.05.2005		Nuneaton and Bedworth	http://dbpedia.org/page/Nuneaton_and_Bedworth	Poplar 	http://userannotation/na	http://www.warwickshire.gov.uk/corporate/committe.nsf/d2d81776d1ed546080256a140057d7f9/cfb356709580020580256ffc002c5df1?OpenDocument		9879		3213		http://www.warwickshire.gov.uk/corporate/Elect05.nsf/ResultsByParty/C57FA95533A9148C80256F850055F05E		683		0		Liberal Democrat	http://dbpedia.org/page/Liberal_Democrats	LibDem	http://dbpedia.org/page/Liberal_Democrats	http://openelectiondata.org/id/parties/26	
2		council		05.05.2005		Nuneaton and Bedworth		Poplar 		http://www.warwickshire.gov.uk/corporate/committe.nsf/d2d81776d1ed546080256a140057d7f9/cfb356709580020580256ffc002c5df1?OpenDocument		9879		3213		http://www.warwickshire.gov.uk/corporate/Elect05.nsf/ResultsByParty/C57FA95533A9148C80256F850055F05E		1663		1		Labour	http://dbpedia.org/page/Labour_Party_(UK)	Lab	http://dbpedia.org/page/Labour_Party_(UK)	http://openelectiondata.org/id/parties/6	
2		council		05.05.2005		Nuneaton and Bedworth		Poplar 		http://www.warwickshire.gov.uk/corporate/committe.nsf/d2d81776d1ed546080256a140057d7f9/cfb356709580020580256ffc002c5df1?OpenDocument		9879		3213		http://www.warwickshire.gov.uk/corporate/Elect05.nsf/ResultsByParty/C57FA95533A9148C80256F850055F05E		867		0		Conservative	http://dbpedia.org/page/Conservative_Party_(UK)	Con	http://dbpedia.org/page/Conservative_Party_(UK)	http://openelectiondata.org/id/parties/25	
2		council		05.05.2005		Stratford	http://dbpedia.org/page/Stratford-on-Avon_District	Shipston-on-Stour 	http://dbpedia.org/page/Shipston-on-Stour	http://www.warwickshire.gov.uk/corporate/committe.nsf/66313d7210fd430680256a140057d7fa/e5c65cf5a1879fcc80257084004dbe05?OpenDocument		9880		5028		http://www.warwickshire.gov.uk/corporate/Elect05.nsf/ResultsByParty/F406BA1821581BBB80256F460052B46E		2403		1		Conservative		Con		http://openelectiondata.org/id/parties/25	
2		council		05.05.2005		Stratford		Shipston-on-Stour 		http://www.warwickshire.gov.uk/corporate/committe.nsf/66313d7210fd430680256a140057d7fa/e5c65cf5a1879fcc80257084004dbe05?OpenDocument		9880		5028		http://www.warwickshire.gov.uk/corporate/Elect05.nsf/ResultsByParty/F406BA1821581BBB80256F460052B46E		2287		0		Liberal Democrat	http://dbpedia.org/page/Liberal_Democrats	LibDem	http://dbpedia.org/page/Liberal_Democrats	http://openelectiondata.org/id/parties/26	
2		council		05.05.2005		Stratford		Shipston-on-Stour 		http://www.warwickshire.gov.uk/corporate/committe.nsf/66313d7210fd430680256a140057d7fa/e5c65cf5a1879fcc80257084004dbe05?OpenDocument		9880		5028		http://www.warwickshire.gov.uk/corporate/Elect05.nsf/ResultsByParty/F406BA1821581BBB80256F460052B46E		338		0		Green	http://dbpedia.org/page/Green_Party_of_England_and_Wales	Green	http://dbpedia.org/page/Green_Party_of_England_and_Wales	http://openelectiondata.org/id/parties/64	
2		council		05.05.2005		Stratford		Southam 	http://dbpedia.org/page/Southam	http://www.warwickshire.gov.uk/corporate/committe.nsf/d2d81776d1ed546080256a140057d7f9/6e534068f47d3aeb80256ffc002c5dc7?OpenDocument		9881		4508		http://www.warwickshire.gov.uk/corporate/Elect05.nsf/ResultsByParty/5E91D7F15117E6F980256F460052B48D		1794		1		Conservative	http://dbpedia.org/page/Conservative_Party_(UK)	Con	http://dbpedia.org/page/Conservative_Party_(UK)	http://openelectiondata.org/id/parties/25	
2		council		05.05.2005		Stratford		Southam 		http://www.warwickshire.gov.uk/corporate/committe.nsf/d2d81776d1ed546080256a140057d7f9/6e534068f47d3aeb80256ffc002c5dc7?OpenDocument		9881		4508		http://www.warwickshire.gov.uk/corporate/Elect05.nsf/ResultsByParty/5E91D7F15117E6F980256F460052B48D		1585		0		Labour	http://dbpedia.org/page/Labour_Party_(UK)	Lab	http://dbpedia.org/page/Labour_Party_(UK)	http://openelectiondata.org/id/parties/6	
2		council		05.05.2005		Stratford		Southam 		http://www.warwickshire.gov.uk/corporate/committe.nsf/d2d81776d1ed546080256a140057d7f9/6e534068f47d3aeb80256ffc002c5dc7?OpenDocument		9881		4508		http://www.warwickshire.gov.uk/corporate/Elect05.nsf/ResultsByParty/5E91D7F15117E6F980256F460052B48D		1129		0		Liberal Democrat	http://dbpedia.org/page/Liberal_Democrats	LibDem	http://dbpedia.org/page/Liberal_Democrats	http://openelectiondata.org/id/parties/26	
2		council		05.05.2005		Warwick	http://dbpedia.org/page/Warwick_District	Stour & The Vale 	http://userannotation/na	https://www.warwickshire.gov.uk/corporate/committe.nsf/d2d81776d1ed546080256a140057d7f9/a8df2e9e0ec76c6580256ffc002c5df2?OpenDocument		9882		5317		http://www.warwickshire.gov.uk/corporate/Elect05.nsf/ResultsByParty/C1DBEE6A56D2ED4880256F850056066F		3317		1		Conservative	http://dbpedia.org/page/Conservative_Party_(UK)	Con	http://dbpedia.org/page/Conservative_Party_(UK)	http://openelectiondata.org/id/parties/25	
2		council		05.05.2005		Warwick		Stour & The Vale 		https://www.warwickshire.gov.uk/corporate/committe.nsf/d2d81776d1ed546080256a140057d7f9/a8df2e9e0ec76c6580256ffc002c5df2?OpenDocument		9882		5317		http://www.warwickshire.gov.uk/corporate/Elect05.nsf/ResultsByParty/C1DBEE6A56D2ED4880256F850056066F		2000		0		Liberal Democrat	http://dbpedia.org/page/Liberal_Democrats	LibDem	http://dbpedia.org/page/Liberal_Democrats	http://openelectiondata.org/id/parties/26	
2		council		05.05.2005		Stratford	http://dbpedia.org/page/Stratford-on-Avon_District	Stratford Avenue & New Town  	http://dbpedia.org/page/Stratford-upon-Avon	http://www.warwickshire.gov.uk/corporate/committe.nsf/d2d81776d1ed546080256a140057d7f9/dfc14e142f54de6380256ffc002c5df3?OpenDocument		9883		3076		http://www.warwickshire.gov.uk/corporate/Elect05.nsf/ResultsByParty/4B3FCA1FB61B994C80256F8500561A5F		1344		1		Liberal Democrat		LibDem		http://openelectiondata.org/id/parties/26	
2		council		05.05.2005		Stratford		Stratford Avenue & New Town  		http://www.warwickshire.gov.uk/corporate/committe.nsf/d2d81776d1ed546080256a140057d7f9/dfc14e142f54de6380256ffc002c5df3?OpenDocument		9883		3076		http://www.warwickshire.gov.uk/corporate/Elect05.nsf/ResultsByParty/4B3FCA1FB61B994C80256F8500561A5F		164		0		Green	http://dbpedia.org/page/Green_Party_of_England_and_Wales	Green	http://dbpedia.org/page/Green_Party_of_England_and_Wales	http://openelectiondata.org/id/parties/64	
2		council		05.05.2005		Stratford		Stratford Avenue & New Town  		http://www.warwickshire.gov.uk/corporate/committe.nsf/d2d81776d1ed546080256a140057d7f9/dfc14e142f54de6380256ffc002c5df3?OpenDocument		9883		3076		http://www.warwickshire.gov.uk/corporate/Elect05.nsf/ResultsByParty/4B3FCA1FB61B994C80256F8500561A5F		1217		0		Conservative	http://dbpedia.org/page/Conservative_Party_(UK)	Con	http://dbpedia.org/page/Conservative_Party_(UK)	http://openelectiondata.org/id/parties/25	
2		council		05.05.2005		Stratford		Stratford Avenue & New Town  		http://www.warwickshire.gov.uk/corporate/committe.nsf/d2d81776d1ed546080256a140057d7f9/dfc14e142f54de6380256ffc002c5df3?OpenDocument		9883		3076		http://www.warwickshire.gov.uk/corporate/Elect05.nsf/ResultsByParty/4B3FCA1FB61B994C80256F8500561A5F		351		0		Labour	http://dbpedia.org/page/Labour_Party_(UK)	Lab	http://dbpedia.org/page/Labour_Party_(UK)	http://openelectiondata.org/id/parties/6	
2		council		05.05.2005		Stratford		Stratford South 		https://www.warwickshire.gov.uk/corporate/committe.nsf/d2d81776d1ed546080256a140057d7f9/4e80d2be9860cb0480256ffc002c5ddb?OpenDocument		9884		16936		http://www.warwickshire.gov.uk/corporate/Elect05.nsf/ResultsByParty/D4D8D0AA62F81A8C80256F460052B45D		2903		0		Liberal Democrat	http://dbpedia.org/page/Liberal_Democrats	LibDem	http://dbpedia.org/page/Liberal_Democrats	http://openelectiondata.org/id/parties/26	
2		council		05.05.2005		Stratford		Stratford South 		https://www.warwickshire.gov.uk/corporate/committe.nsf/d2d81776d1ed546080256a140057d7f9/4e80d2be9860cb0480256ffc002c5ddb?OpenDocument		9884		16936		http://www.warwickshire.gov.uk/corporate/Elect05.nsf/ResultsByParty/D4D8D0AA62F81A8C80256F460052B45D		3737		1		Conservative	http://dbpedia.org/page/Conservative_Party_(UK)	Con	http://dbpedia.org/page/Conservative_Party_(UK)	http://openelectiondata.org/id/parties/25	
2		council		05.05.2005		Stratford		Stratford South 		https://www.warwickshire.gov.uk/corporate/committe.nsf/d2d81776d1ed546080256a140057d7f9/4e80d2be9860cb0480256ffc002c5ddb?OpenDocument		9884		16936		http://www.warwickshire.gov.uk/corporate/Elect05.nsf/ResultsByParty/D4D8D0AA62F81A8C80256F460052B45D		3407		0		Liberal Democrat	http://dbpedia.org/page/Liberal_Democrats	LibDem	http://dbpedia.org/page/Liberal_Democrats	http://openelectiondata.org/id/parties/26	
2		council		05.05.2005		Stratford		Stratford South 		https://www.warwickshire.gov.uk/corporate/committe.nsf/d2d81776d1ed546080256a140057d7f9/4e80d2be9860cb0480256ffc002c5ddb?OpenDocument		9884		16936		http://www.warwickshire.gov.uk/corporate/Elect05.nsf/ResultsByParty/D4D8D0AA62F81A8C80256F460052B45D		1036		0		Labour	http://dbpedia.org/page/Labour_Party_(UK)	Lab	http://dbpedia.org/page/Labour_Party_(UK)	http://openelectiondata.org/id/parties/6	
2		council		05.05.2005		Stratford		Stratford South 		https://www.warwickshire.gov.uk/corporate/committe.nsf/d2d81776d1ed546080256a140057d7f9/4e80d2be9860cb0480256ffc002c5ddb?OpenDocument		9884		16936		http://www.warwickshire.gov.uk/corporate/Elect05.nsf/ResultsByParty/D4D8D0AA62F81A8C80256F460052B45D		789		0		Green	http://dbpedia.org/page/Green_Party_of_England_and_Wales	Green	http://dbpedia.org/page/Green_Party_of_England_and_Wales	http://openelectiondata.org/id/parties/64	
2		council		05.05.2005		Stratford		Stratford South 		https://www.warwickshire.gov.uk/corporate/committe.nsf/d2d81776d1ed546080256a140057d7f9/4e80d2be9860cb0480256ffc002c5ddb?OpenDocument		9884		16936		http://www.warwickshire.gov.uk/corporate/Elect05.nsf/ResultsByParty/D4D8D0AA62F81A8C80256F460052B45D		1100		0		Labour	http://dbpedia.org/page/Labour_Party_(UK)	Lab	http://dbpedia.org/page/Labour_Party_(UK)	http://openelectiondata.org/id/parties/6	
2		council		05.05.2005		Stratford		Stratford South 		https://www.warwickshire.gov.uk/corporate/committe.nsf/d2d81776d1ed546080256a140057d7f9/4e80d2be9860cb0480256ffc002c5ddb?OpenDocument		9884		16936		http://www.warwickshire.gov.uk/corporate/Elect05.nsf/ResultsByParty/D4D8D0AA62F81A8C80256F460052B45D		3964		1		Conservative	http://dbpedia.org/page/Conservative_Party_(UK)	Con	http://dbpedia.org/page/Conservative_Party_(UK)	http://openelectiondata.org/id/parties/25	
2		council		05.05.2005		Stratford		Studley 	http://dbpedia.org/page/Studley	http://www.warwickshire.gov.uk/corporate/committe.nsf/66313d7210fd430680256a140057d7fa/37c1a53912115e6580256ffc002c5dd1?OpenDocument		9885		3880		http://www.warwickshire.gov.uk/corporate/Elect05.nsf/ResultsByParty/9CD9AAAED93CBBA280256F460052B474		775		0		Labour	http://dbpedia.org/page/Labour_Party_(UK)	Lab	http://dbpedia.org/page/Labour_Party_(UK)	http://openelectiondata.org/id/parties/6	
2		council		05.05.2005		Stratford		Studley 		http://www.warwickshire.gov.uk/corporate/committe.nsf/66313d7210fd430680256a140057d7fa/37c1a53912115e6580256ffc002c5dd1?OpenDocument		9885		3880		http://www.warwickshire.gov.uk/corporate/Elect05.nsf/ResultsByParty/9CD9AAAED93CBBA280256F460052B474		1250		0		Liberal Democrat	http://dbpedia.org/page/Liberal_Democrats	LibDem	http://dbpedia.org/page/Liberal_Democrats	http://openelectiondata.org/id/parties/26	
2		council		05.05.2005		Stratford		Studley 		http://www.warwickshire.gov.uk/corporate/committe.nsf/66313d7210fd430680256a140057d7fa/37c1a53912115e6580256ffc002c5dd1?OpenDocument		9885		3880		http://www.warwickshire.gov.uk/corporate/Elect05.nsf/ResultsByParty/9CD9AAAED93CBBA280256F460052B474		1855		1		Conservative	http://dbpedia.org/page/Conservative_Party_(UK)	Con	http://dbpedia.org/page/Conservative_Party_(UK)	http://openelectiondata.org/id/parties/25	
2		council		05.05.2005		Warwick	http://dbpedia.org/page/Warwick_District	Warwick North 	http://dbpedia.org/page/Warwick	http://www.warwickshire.gov.uk/corporate/committe.nsf/d2d81776d1ed546080256a140057d7f9/4c55a6b19633176a80256ffc002c5dcd		9886		4086		http://www.warwickshire.gov.uk/corporate/Elect05.nsf/ResultsByParty/82355CAE4599A39C80256F460052B477		932		0		Liberal Democrat	http://dbpedia.org/page/Liberal_Democrats	LibDem	http://dbpedia.org/page/Liberal_Democrats	http://openelectiondata.org/id/parties/26	
2		council		05.05.2005		Warwick		Warwick North 		http://www.warwickshire.gov.uk/corporate/committe.nsf/d2d81776d1ed546080256a140057d7f9/4c55a6b19633176a80256ffc002c5dcd		9886		4086		http://www.warwickshire.gov.uk/corporate/Elect05.nsf/ResultsByParty/82355CAE4599A39C80256F460052B477		2283		1		Labour	http://dbpedia.org/page/Labour_Party_(UK)	Lab	http://dbpedia.org/page/Labour_Party_(UK)	http://openelectiondata.org/id/parties/6	
2		council		05.05.2005		Warwick		Warwick North 		http://www.warwickshire.gov.uk/corporate/committe.nsf/d2d81776d1ed546080256a140057d7f9/4c55a6b19633176a80256ffc002c5dcd		9886		4086		http://www.warwickshire.gov.uk/corporate/Elect05.nsf/ResultsByParty/82355CAE4599A39C80256F460052B477		871		0		Conservative	http://dbpedia.org/page/Conservative_Party_(UK)	Con	http://dbpedia.org/page/Conservative_Party_(UK)	http://openelectiondata.org/id/parties/25	
2		council		05.05.2005		Warwick		Warwick South 		http://www.warwickshire.gov.uk/corporate/committe.nsf/d2d81776d1ed546080256a140057d7f9/fdb46629c7fc9c3d80256ffc002c5dbd?OpenDocument		9887		5211		http://www.warwickshire.gov.uk/corporate/Elect05.nsf/ResultsByParty/07394E0BF2469D8280256F460052B46D		2504		1		Conservative		Con		http://openelectiondata.org/id/parties/25	
2		council		05.05.2005		Warwick		Warwick South 		http://www.warwickshire.gov.uk/corporate/committe.nsf/d2d81776d1ed546080256a140057d7f9/fdb46629c7fc9c3d80256ffc002c5dbd?OpenDocument		9887		5211		http://www.warwickshire.gov.uk/corporate/Elect05.nsf/ResultsByParty/07394E0BF2469D8280256F460052B46D		1619		0		Labour	http://dbpedia.org/page/Labour_Party_(UK)	Lab	http://dbpedia.org/page/Labour_Party_(UK)	http://openelectiondata.org/id/parties/6	
2		council		05.05.2005		Warwick		Warwick South 		http://www.warwickshire.gov.uk/corporate/committe.nsf/d2d81776d1ed546080256a140057d7f9/fdb46629c7fc9c3d80256ffc002c5dbd?OpenDocument		9887		5211		http://www.warwickshire.gov.uk/corporate/Elect05.nsf/ResultsByParty/07394E0BF2469D8280256F460052B46D		1088		0		Liberal Democrat	http://dbpedia.org/page/Liberal_Democrats	LibDem	http://dbpedia.org/page/Liberal_Democrats	http://openelectiondata.org/id/parties/26	
2		council		05.05.2005		Warwick		Warwick West 		http://www.warwickshire.gov.uk/corporate/committe.nsf/d2d81776d1ed546080256a140057d7f9/41cd4a2928f0b51e80256ffc002c5dc9?OpenDocument		9888		4276		http://www.warwickshire.gov.uk/corporate/Elect05.nsf/ResultsByParty/76C21F8FFE59698080256F460052B470		1660		0		Conservative	http://dbpedia.org/page/Conservative_Party_(UK)	Con	http://dbpedia.org/page/Conservative_Party_(UK)	http://openelectiondata.org/id/parties/25	
2		council		05.05.2005		Warwick		Warwick West 		http://www.warwickshire.gov.uk/corporate/committe.nsf/d2d81776d1ed546080256a140057d7f9/41cd4a2928f0b51e80256ffc002c5dc9?OpenDocument		9888		4276		http://www.warwickshire.gov.uk/corporate/Elect05.nsf/ResultsByParty/76C21F8FFE59698080256F460052B470		1727		1		Labour	http://dbpedia.org/page/Labour_Party_(UK)	Lab	http://dbpedia.org/page/Labour_Party_(UK)	http://openelectiondata.org/id/parties/6	
2		council		05.05.2005		Warwick		Warwick West 		http://www.warwickshire.gov.uk/corporate/committe.nsf/d2d81776d1ed546080256a140057d7f9/41cd4a2928f0b51e80256ffc002c5dc9?OpenDocument		9888		4276		http://www.warwickshire.gov.uk/corporate/Elect05.nsf/ResultsByParty/76C21F8FFE59698080256F460052B470		889		0		Liberal Democrat	http://dbpedia.org/page/Liberal_Democrats	LibDem	http://dbpedia.org/page/Liberal_Democrats	http://openelectiondata.org/id/parties/26	
2		council		05.05.2005		North Warwickshire	http://dbpedia.org/page/North_Warwickshire	Water Orton 	http://dbpedia.org/page/Water_Orton	http://www.warwickshire.gov.uk/corporate/committe.nsf/d2d81776d1ed546080256a140057d7f9/59c5ea5860c3671980256ffc002c5ddc?OpenDocument		9889		3752		http://www.warwickshire.gov.uk/corporate/Elect05.nsf/ResultsByParty/D7B710AEC7F4BE5180256F460052B483		1976		1		Conservative	http://dbpedia.org/page/Conservative_Party_(UK)	Con	http://dbpedia.org/page/Conservative_Party_(UK)	http://openelectiondata.org/id/parties/25	
2		council		05.05.2005		North Warwickshire		Water Orton 		http://www.warwickshire.gov.uk/corporate/committe.nsf/d2d81776d1ed546080256a140057d7f9/59c5ea5860c3671980256ffc002c5ddc?OpenDocument		9889		3752		http://www.warwickshire.gov.uk/corporate/Elect05.nsf/ResultsByParty/D7B710AEC7F4BE5180256F460052B483		1178		0		Labour	http://dbpedia.org/page/Labour_Party_(UK)	Lab	http://dbpedia.org/page/Labour_Party_(UK)	http://openelectiondata.org/id/parties/6	
2		council		05.05.2005		North Warwickshire		Water Orton 		http://www.warwickshire.gov.uk/corporate/committe.nsf/d2d81776d1ed546080256a140057d7f9/59c5ea5860c3671980256ffc002c5ddc?OpenDocument		9889		3752		http://www.warwickshire.gov.uk/corporate/Elect05.nsf/ResultsByParty/D7B710AEC7F4BE5180256F460052B483		598		0		Liberal Democrat	http://dbpedia.org/page/Liberal_Democrats	LibDem	http://dbpedia.org/page/Liberal_Democrats	http://openelectiondata.org/id/parties/26	
2		council		05.05.2005		Stratford	http://dbpedia.org/page/Stratford-on-Avon_District	Wellesbourne 	http://dbpedia.org/page/Wellesbourne	http://www.warwickshire.gov.uk/corporate/committe.nsf/d2d81776d1ed546080256a140057d7f9/9c892ea345b8f4d9802571b600445390?OpenDocument		9890		2115		http://www.warwickshire.gov.uk/corporate/Elect05.nsf/ResultsByParty/2852FCDB8ADB4FAD80256F460052B479		776		0		Liberal Democrat		LibDem		http://openelectiondata.org/id/parties/26	
2		council		05.05.2005		Stratford		Wellesbourne 		http://www.warwickshire.gov.uk/corporate/committe.nsf/d2d81776d1ed546080256a140057d7f9/9c892ea345b8f4d9802571b600445390?OpenDocument		9890		2115		http://www.warwickshire.gov.uk/corporate/Elect05.nsf/ResultsByParty/2852FCDB8ADB4FAD80256F460052B479		227		0		Labour	http://dbpedia.org/page/Labour_Party_(UK)	Lab	http://dbpedia.org/page/Labour_Party_(UK)	http://openelectiondata.org/id/parties/6	
2		council		05.05.2005		Stratford		Wellesbourne 		http://www.warwickshire.gov.uk/corporate/committe.nsf/d2d81776d1ed546080256a140057d7f9/9c892ea345b8f4d9802571b600445390?OpenDocument		9890		2115		http://www.warwickshire.gov.uk/corporate/Elect05.nsf/ResultsByParty/2852FCDB8ADB4FAD80256F460052B479		1112		1		Conservative	http://dbpedia.org/page/Conservative_Party_(UK)	Con	http://dbpedia.org/page/Conservative_Party_(UK)	http://openelectiondata.org/id/parties/25	
2		council		05.05.2005		Warwick	http://dbpedia.org/page/Warwick_District	Whitnash 	http://dbpedia.org/page/Whitnash	http://www.warwickshire.gov.uk/corporate/committe.nsf/d2d81776d1ed546080256a140057d7f9/879d1029562c46d680256ffc002c5de3?OpenDocument		9891		4464		http://www.warwickshire.gov.uk/corporate/Elect05.nsf/ResultsByParty/FF0CEFB67190244480256F460052B48E		1292		0		Labour	http://dbpedia.org/page/Labour_Party_(UK)	Lab	http://dbpedia.org/page/Labour_Party_(UK)	http://openelectiondata.org/id/parties/6	
2		council		05.05.2005		Warwick		Whitnash 		http://www.warwickshire.gov.uk/corporate/committe.nsf/d2d81776d1ed546080256a140057d7f9/879d1029562c46d680256ffc002c5de3?OpenDocument		9891		4464		http://www.warwickshire.gov.uk/corporate/Elect05.nsf/ResultsByParty/FF0CEFB67190244480256F460052B48E		331		0		Liberal Democrat	http://dbpedia.org/page/Liberal_Democrats	LibDem	http://dbpedia.org/page/Liberal_Democrats	http://openelectiondata.org/id/parties/26	
2		council		05.05.2005		Warwick		Whitnash 		http://www.warwickshire.gov.uk/corporate/committe.nsf/d2d81776d1ed546080256a140057d7f9/879d1029562c46d680256ffc002c5de3?OpenDocument		9891		4464		http://www.warwickshire.gov.uk/corporate/Elect05.nsf/ResultsByParty/FF0CEFB67190244480256F460052B48E		2234		1		Independent	http://dbpedia.org/page/Independent_(politician)	Ind	http://dbpedia.org/page/Independent_(politician)	NULL	
2		council		05.05.2005		Warwick		Whitnash 		http://www.warwickshire.gov.uk/corporate/committe.nsf/d2d81776d1ed546080256a140057d7f9/879d1029562c46d680256ffc002c5de3?OpenDocument		9891		4464		http://www.warwickshire.gov.uk/corporate/Elect05.nsf/ResultsByParty/FF0CEFB67190244480256F460052B48E		607		0		Conservative	http://dbpedia.org/page/Conservative_Party_(UK)	Con	http://dbpedia.org/page/Conservative_Party_(UK)	http://openelectiondata.org/id/parties/25	
